warehouse_id,region,store_id,product_id,product_name,cat_top,cat_mid,cat_low,target_date,actual_order_qty
1,본사창고,9,DW-LG-12P-2024,LG 식기세척기 12인,주방가전,주방가전,식기세척기,2029-08-17,6301
1,본사창고,2,MON-SAM-32UHD-2024,삼성 32인치 4K,IT기기,컴퓨터,모니터,2028-02-10,4907
1,본사창고,1,DW-SAM-12P-2024,삼성 식기세척기 12인,주방가전,주방가전,식기세척기,2030-11-07,6579
1,본사창고,8,OV-LG-70L-2024,LG 빌트인 오븐 70L,주방가전,주방가전,오븐,2028-09-08,6778
1,본사창고,8,DES-LEN-THINK-2024,레노보 씽크센터,IT기기,컴퓨터,데스크탑,2027-07-01,4525
1,본사창고,2,DRY-WHP-10K-2023,위프로 10kg,가전제품,생활가전,건조기,2030-07-25,4706
1,본사창고,3,PHN-XIA-RED-128-2024,샤오미 Redmi 128GB,IT기기,모바일,스마트폰,2029-08-03,4641
1,본사창고,2,MW-SAM-30L-2024,삼성 전자레인지 30L,주방가전,주방가전,전자레인지,2027-02-04,4700
1,본사창고,7,MW-DAE-25L-2023,대우 25L,주방가전,주방가전,전자레인지,2030-11-21,1432
1,본사창고,5,TV-LG-OLED-65-2024,"LG OLED 65""",가전제품,영상가전,TV,2028-11-17,4392
1,본사창고,4,MW-CK-23L-2024,쿠쿠 23L,주방가전,주방가전,전자레인지,2029-01-26,1615
1,본사창고,3,MW-LG-25L-2024,LG 전자레인지 25L,주방가전,주방가전,전자레인지,2029-06-01,8714
1,본사창고,4,TV-LG-LED-55-2023,"LG LED 55""",가전제품,영상가전,TV,2031-08-28,5850
1,본사창고,1,VAC-DYS-V11-2024,다이슨 V11,가전제품,생활가전,청소기,2031-04-24,8327
1,본사창고,7,WM-MIE-DRUM-9K-2023,미iele 드럼 9kg,가전제품,생활가전,세탁기,2029-06-22,2746
1,본사창고,6,VAC-XIA-ROBO-2024,샤오미 로봇청소기,가전제품,생활가전,청소기,2029-03-09,2631
1,본사창고,6,DW-SKM-8P-2024,SK매직 8인,주방가전,주방가전,식기세척기,2027-10-14,1610
1,본사창고,6,MW-CK-23L-2024,쿠쿠 23L,주방가전,주방가전,전자레인지,2031-12-25,1885
1,본사창고,7,AIR-LG-PURI-58-2024,LG 퓨리케어 58㎡,가전제품,계절가전,공기청정기,2031-08-07,8037
1,본사창고,2,WM-MIE-DRUM-9K-2023,미iele 드럼 9kg,가전제품,생활가전,세탁기,2027-12-16,2302
1,본사창고,7,VAC-DYS-V11-2024,다이슨 V11,가전제품,생활가전,청소기,2032-01-01,4699
1,본사창고,5,MIX-BRV-STAND-5L-2024,브레빌 스탠드믹서 5L,주방가전,소형가전,믹서기,2027-08-26,5518
1,본사창고,8,COF-BRV-SEMI-2024,브레빌 반자동,주방가전,소형가전,커피머신,2029-03-30,4385
1,본사창고,4,PRN-BRO-LASER-2024,브라더 레이저,IT기기,주변기기,프린터,2028-12-22,3196
1,본사창고,5,DRY-SAM-GRN-20K-2024,삼성 그랑데 건조기 20kg,가전제품,생활가전,건조기,2030-10-17,8606
1,본사창고,10,AC-CAR-16P-2024,캐리어 16평,가전제품,계절가전,에어컨,2031-07-24,7754
1,본사창고,10,AIR-SAM-60-2024,삼성 블루스카이 60㎡,가전제품,계절가전,공기청정기,2031-12-04,3532
1,본사창고,1,DRY-WIN-17K-2023,위니아 17kg,가전제품,생활가전,건조기,2030-04-25,3511
1,본사창고,6,VAC-ROB-I7-2023,아이로봇 i7,가전제품,생활가전,청소기,2029-03-02,2873
1,본사창고,3,TV-LG-LED-55-2023,"LG LED 55""",가전제품,영상가전,TV,2029-10-12,2084
1,본사창고,5,MIX-BRV-STAND-5L-2024,브레빌 스탠드믹서 5L,주방가전,소형가전,믹서기,2030-05-23,9110
1,본사창고,2,MON-LG-27QHD-2024,LG 27인치 QHD,IT기기,컴퓨터,모니터,2031-11-13,9896
1,본사창고,8,MON-SAM-32UHD-2024,삼성 32인치 4K,IT기기,컴퓨터,모니터,2029-01-26,3772
1,본사창고,4,AIR-WNX-56-2024,위닉스 56㎡,가전제품,계절가전,공기청정기,2031-05-29,12082
1,본사창고,3,VAC-DYS-V11-2024,다이슨 V11,가전제품,생활가전,청소기,2027-05-27,3704
1,본사창고,2,MIX-CUI-HAND-2024,쿠진아트 핸드블렌더,주방가전,소형가전,믹서기,2030-03-07,0
1,본사창고,3,WM-LG-TOP-21K-2024,LG 통돌이 21kg,가전제품,생활가전,세탁기,2030-04-25,7423
1,본사창고,1,RTR-NET-AX5400-2024,넷기어 AX5400,IT기기,주변기기,라우터,2029-01-26,1916
1,본사창고,2,VAC-ROB-I7-2023,아이로봇 i7,가전제품,생활가전,청소기,2031-08-21,12413
1,본사창고,1,VAC-SAM-JET-2024,삼성 제트,가전제품,생활가전,청소기,2029-09-14,2829
1,본사창고,10,WAT-APL-AW-41-2024,애플 워치 41mm,IT기기,모바일,스마트워치,2029-04-13,3885
1,본사창고,9,MON-DEL-24FHD-2023,델 24인치 FHD,IT기기,컴퓨터,모니터,2031-08-21,9823
1,본사창고,8,MIX-CUI-HAND-2024,쿠진아트 핸드블렌더,주방가전,소형가전,믹서기,2030-12-19,0
1,본사창고,4,TV-SAM-QLED-65-2024,"삼성 QLED 65""",가전제품,영상가전,TV,2028-02-03,4314
1,본사창고,9,RTR-ASU-AX6000-2024,아수스 AX6000,IT기기,주변기기,라우터,2029-10-19,3622
1,본사창고,5,PRN-CAN-INK-2024,캐논 잉크젯,IT기기,주변기기,프린터,2031-05-01,6377
1,본사창고,1,DRY-WHP-10K-2023,위프로 10kg,가전제품,생활가전,건조기,2030-04-11,2329
1,본사창고,10,MW-DAE-25L-2023,대우 25L,주방가전,주방가전,전자레인지,2029-03-16,1127
1,본사창고,8,COF-NES-CAPS-2024,네스프레소 캡슐,주방가전,소형가전,커피머신,2031-10-16,9570
1,본사창고,6,RTR-NET-AX5400-2024,넷기어 AX5400,IT기기,주변기기,라우터,2027-04-29,2064
1,본사창고,5,TV-SAM-QLED-65-2024,"삼성 QLED 65""",가전제품,영상가전,TV,2028-02-24,2392
1,본사창고,10,FR-SAM-4D-820L-2024,삼성 비스포크 4도어 820L,가전제품,생활가전,냉장고,2030-02-08,6122
1,본사창고,6,WM-MIE-DRUM-9K-2023,미iele 드럼 9kg,가전제품,생활가전,세탁기,2030-08-22,2158
1,본사창고,7,AC-SAM-WF-18P-2024,삼성 무풍 18평,가전제품,계절가전,에어컨,2029-10-05,2164
1,본사창고,2,AIR-SAM-60-2024,삼성 블루스카이 60㎡,가전제품,계절가전,공기청정기,2027-08-05,2181
1,본사창고,9,NBK-LG-GRAM-16-2024,LG 그램 16,IT기기,컴퓨터,노트북,2030-08-15,7107
1,본사창고,1,PRN-HP-LASER-2024,HP 레이저프린터,IT기기,주변기기,프린터,2028-03-17,3147
1,본사창고,6,VAC-DYS-V11-2024,다이슨 V11,가전제품,생활가전,청소기,2027-03-25,1874
1,본사창고,6,DRY-LG-TROM-19K-2024,LG 트롬 건조기 19kg,가전제품,생활가전,건조기,2031-08-14,9294
1,본사창고,9,VAC-XIA-ROBO-2024,샤오미 로봇청소기,가전제품,생활가전,청소기,2029-02-23,2533
1,본사창고,6,AC-CAR-16P-2024,캐리어 16평,가전제품,계절가전,에어컨,2028-03-10,2005
1,본사창고,3,NBK-LEN-IDEA-15-2023,레노보 아이디어패드 15,IT기기,컴퓨터,노트북,2030-01-25,3116
1,본사창고,4,WM-WIN-DRUM-20K-2023,위니아 드럼 20kg,가전제품,생활가전,세탁기,2028-07-28,3486
1,본사창고,3,FR-SAM-4D-820L-2024,삼성 비스포크 4도어 820L,가전제품,생활가전,냉장고,2027-09-16,6183
1,본사창고,8,MON-LG-27QHD-2024,LG 27인치 QHD,IT기기,컴퓨터,모니터,2028-10-27,3769
1,본사창고,3,TV-LG-OLED-65-2024,"LG OLED 65""",가전제품,영상가전,TV,2027-10-21,5702
1,본사창고,7,FR-SAM-4D-820L-2024,삼성 비스포크 4도어 820L,가전제품,생활가전,냉장고,2029-07-20,7522
1,본사창고,7,OV-CK-45L-2024,쿠첸 45L,주방가전,주방가전,오븐,2030-09-12,2059
1,본사창고,5,MW-SAM-30L-2024,삼성 전자레인지 30L,주방가전,주방가전,전자레인지,2030-12-19,6393
1,본사창고,6,WM-MIE-DRUM-9K-2023,미iele 드럼 9kg,가전제품,생활가전,세탁기,2028-12-01,1626
1,본사창고,6,FR-SAM-4D-820L-2024,삼성 비스포크 4도어 820L,가전제품,생활가전,냉장고,2028-09-22,4691
1,본사창고,10,WM-LG-TOP-21K-2024,LG 통돌이 21kg,가전제품,생활가전,세탁기,2028-12-08,5304
1,본사창고,8,TV-LG-OLED-65-2024,"LG OLED 65""",가전제품,영상가전,TV,2031-09-25,15363
1,본사창고,3,PRN-HP-LASER-2024,HP 레이저프린터,IT기기,주변기기,프린터,2030-05-16,9221
1,본사창고,2,TOA-BRN-2S-2024,브라운 토스터 2구,주방가전,소형가전,토스터기,2029-04-13,5594
1,본사창고,7,RTR-TPL-AX3000-2024,티피링크 AX3000,IT기기,주변기기,라우터,2030-06-27,4418
1,본사창고,9,PRN-HP-LASER-2024,HP 레이저프린터,IT기기,주변기기,프린터,2028-08-25,4630
1,본사창고,5,FR-CAR-2D-300L-2023,캐리어 2도어 300L,가전제품,생활가전,냉장고,2029-08-31,1122
1,본사창고,2,PRN-BRO-LASER-2024,브라더 레이저,IT기기,주변기기,프린터,2031-01-23,5284
1,본사창고,10,NBK-LEN-IDEA-15-2023,레노보 아이디어패드 15,IT기기,컴퓨터,노트북,2028-02-17,3723
1,본사창고,1,MW-SAM-30L-2024,삼성 전자레인지 30L,주방가전,주방가전,전자레인지,2029-09-28,6375
1,본사창고,1,NBK-SAM-GALAXY-15-2024,삼성 갤럭시북 15,IT기기,컴퓨터,노트북,2028-09-01,5352
1,본사창고,9,TV-XIA-LED-50-2024,"샤오미 50""",가전제품,영상가전,TV,2029-08-10,2663
1,본사창고,7,FR-SAM-4D-820L-2024,삼성 비스포크 4도어 820L,가전제품,생활가전,냉장고,2030-04-25,5016
1,본사창고,10,TV-SAM-QLED-65-2024,"삼성 QLED 65""",가전제품,영상가전,TV,2028-08-04,7416
1,본사창고,10,MIX-BRV-STAND-5L-2024,브레빌 스탠드믹서 5L,주방가전,소형가전,믹서기,2028-04-14,8718
1,본사창고,10,PRN-CAN-INK-2024,캐논 잉크젯,IT기기,주변기기,프린터,2027-12-02,2908
1,본사창고,10,DW-LG-12P-2024,LG 식기세척기 12인,주방가전,주방가전,식기세척기,2027-01-14,2184
1,본사창고,2,NBK-LG-GRAM-16-2024,LG 그램 16,IT기기,컴퓨터,노트북,2030-08-08,7612
1,본사창고,3,AIR-XIA-52-2024,샤오미 52㎡,가전제품,계절가전,공기청정기,2031-01-02,4532
1,본사창고,9,OV-CK-45L-2024,쿠첸 45L,주방가전,주방가전,오븐,2030-08-22,6112
1,본사창고,5,NBK-LG-GRAM-16-2024,LG 그램 16,IT기기,컴퓨터,노트북,2027-04-29,3168
1,본사창고,5,FR-WIN-3D-650L-2023,위니아 3도어 650L,가전제품,생활가전,냉장고,2031-11-27,4554
1,본사창고,9,TV-SAM-QLED-65-2024,"삼성 QLED 65""",가전제품,영상가전,TV,2028-05-19,3945
1,본사창고,10,MIX-CUI-HAND-2024,쿠진아트 핸드블렌더,주방가전,소형가전,믹서기,2028-01-20,0
1,본사창고,9,FR-CAR-2D-300L-2023,캐리어 2도어 300L,가전제품,생활가전,냉장고,2028-05-26,2720
1,본사창고,4,RTR-TPL-AX3000-2024,티피링크 AX3000,IT기기,주변기기,라우터,2028-07-21,4335
1,본사창고,10,TV-XIA-LED-50-2024,"샤오미 50""",가전제품,영상가전,TV,2030-10-31,3529
1,본사창고,8,OV-LG-70L-2024,LG 빌트인 오븐 70L,주방가전,주방가전,오븐,2028-06-30,6806
1,본사창고,5,TV-XIA-LED-50-2024,"샤오미 50""",가전제품,영상가전,TV,2027-08-05,1314
1,본사창고,8,MON-SAM-32UHD-2024,삼성 32인치 4K,IT기기,컴퓨터,모니터,2027-02-11,2816
1,본사창고,7,RTR-TPL-AX3000-2024,티피링크 AX3000,IT기기,주변기기,라우터,2029-07-27,3530
1,본사창고,5,VAC-ROB-I7-2023,아이로봇 i7,가전제품,생활가전,청소기,2031-10-16,4782
1,본사창고,1,AC-CAR-16P-2024,캐리어 16평,가전제품,계절가전,에어컨,2028-04-28,2529
1,본사창고,5,FR-WIN-3D-650L-2023,위니아 3도어 650L,가전제품,생활가전,냉장고,2027-02-11,1301
1,본사창고,2,MIX-BRV-STAND-5L-2024,브레빌 스탠드믹서 5L,주방가전,소형가전,믹서기,2030-04-04,12830
1,본사창고,1,DW-SKM-8P-2024,SK매직 8인,주방가전,주방가전,식기세척기,2027-07-22,3183
1,본사창고,8,FR-LG-OBJ-820L-2024,LG 오브제 4도어 820L,가전제품,생활가전,냉장고,2030-01-18,4070
1,본사창고,9,DES-LEN-THINK-2024,레노보 씽크센터,IT기기,컴퓨터,데스크탑,2029-12-21,1769
1,본사창고,4,PHN-XIA-RED-128-2024,샤오미 Redmi 128GB,IT기기,모바일,스마트폰,2028-08-25,3437
1,본사창고,9,COF-BRV-SEMI-2024,브레빌 반자동,주방가전,소형가전,커피머신,2030-11-28,7028
1,본사창고,2,PRN-BRO-LASER-2024,브라더 레이저,IT기기,주변기기,프린터,2027-12-23,2240
1,본사창고,1,TV-LG-LED-55-2023,"LG LED 55""",가전제품,영상가전,TV,2028-10-06,1294
1,본사창고,7,TV-LG-LED-55-2023,"LG LED 55""",가전제품,영상가전,TV,2030-05-09,3379
1,본사창고,9,AIR-SAM-60-2024,삼성 블루스카이 60㎡,가전제품,계절가전,공기청정기,2028-12-15,1645
1,본사창고,5,MW-SAM-30L-2024,삼성 전자레인지 30L,주방가전,주방가전,전자레인지,2027-09-23,3958
1,본사창고,5,RTR-ASU-AX6000-2024,아수스 AX6000,IT기기,주변기기,라우터,2027-01-28,1859
1,본사창고,5,AIR-SAM-60-2024,삼성 블루스카이 60㎡,가전제품,계절가전,공기청정기,2027-12-23,686
1,본사창고,10,DW-LG-12P-2024,LG 식기세척기 12인,주방가전,주방가전,식기세척기,2029-09-14,4381
1,본사창고,5,AIR-LG-PURI-58-2024,LG 퓨리케어 58㎡,가전제품,계절가전,공기청정기,2027-01-21,2550
1,본사창고,1,TV-LG-LED-55-2023,"LG LED 55""",가전제품,영상가전,TV,2029-06-01,2917
1,본사창고,9,MON-SAM-32UHD-2024,삼성 32인치 4K,IT기기,컴퓨터,모니터,2030-09-12,4634
1,본사창고,8,AC-LG-STAND-18P-2024,LG 휘센 스탠드 18평,가전제품,계절가전,에어컨,2030-06-20,11867
1,본사창고,3,DRY-SAM-GRN-20K-2024,삼성 그랑데 건조기 20kg,가전제품,생활가전,건조기,2029-01-26,4739
1,본사창고,1,WM-LG-TOP-21K-2024,LG 통돌이 21kg,가전제품,생활가전,세탁기,2028-10-13,5067
1,본사창고,9,DRY-WHP-10K-2023,위프로 10kg,가전제품,생활가전,건조기,2030-05-02,4314
1,본사창고,5,DW-LG-12P-2024,LG 식기세척기 12인,주방가전,주방가전,식기세척기,2029-03-16,2640
1,본사창고,10,AC-LG-STAND-18P-2024,LG 휘센 스탠드 18평,가전제품,계절가전,에어컨,2027-02-11,4184
1,본사창고,4,VAC-DYS-V11-2024,다이슨 V11,가전제품,생활가전,청소기,2028-12-29,2929
1,본사창고,8,WM-MIE-DRUM-9K-2023,미iele 드럼 9kg,가전제품,생활가전,세탁기,2030-03-28,1985
1,본사창고,6,DRY-WIN-17K-2023,위니아 17kg,가전제품,생활가전,건조기,2028-12-15,946
1,본사창고,5,MW-CK-23L-2024,쿠쿠 23L,주방가전,주방가전,전자레인지,2030-11-28,3413
1,본사창고,2,AC-LG-STAND-18P-2024,LG 휘센 스탠드 18평,가전제품,계절가전,에어컨,2029-08-10,9517
1,본사창고,2,DW-SAM-12P-2024,삼성 식기세척기 12인,주방가전,주방가전,식기세척기,2027-09-09,4688
1,본사창고,4,WAT-SAM-GAL-45-2024,갤럭시 워치 45mm,IT기기,모바일,스마트워치,2031-05-29,11490
1,본사창고,3,COF-BRV-SEMI-2024,브레빌 반자동,주방가전,소형가전,커피머신,2027-06-24,4333
1,본사창고,1,MIX-BRV-STAND-5L-2024,브레빌 스탠드믹서 5L,주방가전,소형가전,믹서기,2031-11-06,16244
1,본사창고,3,AIR-SAM-60-2024,삼성 블루스카이 60㎡,가전제품,계절가전,공기청정기,2029-06-22,3369
1,본사창고,7,DRY-LG-TROM-19K-2024,LG 트롬 건조기 19kg,가전제품,생활가전,건조기,2028-11-17,3496
1,본사창고,10,AC-SAM-WF-18P-2024,삼성 무풍 18평,가전제품,계절가전,에어컨,2030-10-03,5319
1,본사창고,7,AIR-XIA-52-2024,샤오미 52㎡,가전제품,계절가전,공기청정기,2031-01-23,2537
1,본사창고,2,PRN-CAN-INK-2024,캐논 잉크젯,IT기기,주변기기,프린터,2029-12-28,3943
1,본사창고,3,DES-LEN-THINK-2024,레노보 씽크센터,IT기기,컴퓨터,데스크탑,2027-05-13,4485
1,본사창고,5,COF-NES-CAPS-2024,네스프레소 캡슐,주방가전,소형가전,커피머신,2030-11-14,4943
1,본사창고,8,WM-LG-TOP-21K-2024,LG 통돌이 21kg,가전제품,생활가전,세탁기,2030-07-18,8676
1,본사창고,8,TV-SAM-QLED-65-2024,"삼성 QLED 65""",가전제품,영상가전,TV,2030-03-14,6119
1,본사창고,4,AIR-WNX-56-2024,위닉스 56㎡,가전제품,계절가전,공기청정기,2030-12-05,4997
1,본사창고,6,TV-LG-OLED-65-2024,"LG OLED 65""",가전제품,영상가전,TV,2027-06-24,3417
1,본사창고,10,RTR-NET-AX5400-2024,넷기어 AX5400,IT기기,주변기기,라우터,2029-04-20,4889
1,본사창고,6,VAC-DYS-V11-2024,다이슨 V11,가전제품,생활가전,청소기,2027-04-08,2798
1,본사창고,3,MON-LG-27QHD-2024,LG 27인치 QHD,IT기기,컴퓨터,모니터,2027-05-20,4485
1,본사창고,6,WAT-APL-AW-41-2024,애플 워치 41mm,IT기기,모바일,스마트워치,2028-05-12,3606
1,본사창고,2,MW-SAM-30L-2024,삼성 전자레인지 30L,주방가전,주방가전,전자레인지,2030-11-28,12600
1,본사창고,8,OV-LG-70L-2024,LG 빌트인 오븐 70L,주방가전,주방가전,오븐,2030-09-26,8647
1,본사창고,1,OV-CK-45L-2024,쿠첸 45L,주방가전,주방가전,오븐,2030-12-26,1492
1,본사창고,7,DW-SAM-12P-2024,삼성 식기세척기 12인,주방가전,주방가전,식기세척기,2027-11-18,1959
1,본사창고,5,DES-HP-STD-2024,HP 데스크탑,IT기기,컴퓨터,데스크탑,2027-11-04,1976
1,본사창고,6,OV-CK-45L-2024,쿠첸 45L,주방가전,주방가전,오븐,2031-05-29,4513
1,본사창고,2,OV-CK-45L-2024,쿠첸 45L,주방가전,주방가전,오븐,2030-02-08,2112
1,본사창고,7,FR-WIN-3D-650L-2023,위니아 3도어 650L,가전제품,생활가전,냉장고,2027-01-14,1360
1,본사창고,6,AC-LG-STAND-18P-2024,LG 휘센 스탠드 18평,가전제품,계절가전,에어컨,2031-01-16,6947
1,본사창고,4,OV-SAM-72L-2024,삼성 빌트인 오븐 72L,주방가전,주방가전,오븐,2029-10-26,3826
1,본사창고,2,AC-SAM-WF-18P-2024,삼성 무풍 18평,가전제품,계절가전,에어컨,2027-02-04,2339
1,본사창고,8,AC-CAR-16P-2024,캐리어 16평,가전제품,계절가전,에어컨,2029-08-31,4115
1,본사창고,2,MON-DEL-24FHD-2023,델 24인치 FHD,IT기기,컴퓨터,모니터,2031-02-27,8374
1,본사창고,2,AC-SAM-WF-18P-2024,삼성 무풍 18평,가전제품,계절가전,에어컨,2030-02-15,5097
1,본사창고,7,MW-CK-23L-2024,쿠쿠 23L,주방가전,주방가전,전자레인지,2028-08-04,2247
1,본사창고,9,NBK-LEN-IDEA-15-2023,레노보 아이디어패드 15,IT기기,컴퓨터,노트북,2029-05-11,4930
1,본사창고,3,AIR-XIA-52-2024,샤오미 52㎡,가전제품,계절가전,공기청정기,2030-11-28,3973
1,본사창고,7,AIR-SAM-60-2024,삼성 블루스카이 60㎡,가전제품,계절가전,공기청정기,2031-09-25,1897
1,본사창고,7,COF-NES-CAPS-2024,네스프레소 캡슐,주방가전,소형가전,커피머신,2029-05-11,3994
1,본사창고,10,MW-CK-23L-2024,쿠쿠 23L,주방가전,주방가전,전자레인지,2030-10-03,3512
1,본사창고,9,DES-HP-STD-2024,HP 데스크탑,IT기기,컴퓨터,데스크탑,2027-03-04,2858
1,본사창고,10,VAC-DYS-V11-2024,다이슨 V11,가전제품,생활가전,청소기,2030-01-25,4009
1,본사창고,4,NBK-LG-GRAM-16-2024,LG 그램 16,IT기기,컴퓨터,노트북,2028-10-06,4226
1,본사창고,7,PHN-XIA-RED-128-2024,샤오미 Redmi 128GB,IT기기,모바일,스마트폰,2031-05-22,5933
1,본사창고,2,DW-SAM-12P-2024,삼성 식기세척기 12인,주방가전,주방가전,식기세척기,2029-07-27,6532
1,본사창고,10,RTR-TPL-AX3000-2024,티피링크 AX3000,IT기기,주변기기,라우터,2027-01-14,2222
1,본사창고,1,MON-LG-27QHD-2024,LG 27인치 QHD,IT기기,컴퓨터,모니터,2031-07-31,7073
1,본사창고,8,AC-LG-WS-6P-2024,LG 벽걸이 6평,가전제품,계절가전,에어컨,2027-11-11,1722
1,본사창고,6,PHN-APL-IP15-128-2024,아이폰 15 128GB,IT기기,모바일,스마트폰,2029-07-27,3164
1,본사창고,3,NBK-LG-GRAM-16-2024,LG 그램 16,IT기기,컴퓨터,노트북,2027-03-18,3219
1,본사창고,1,TOA-BRN-2S-2024,브라운 토스터 2구,주방가전,소형가전,토스터기,2031-02-06,5937
1,본사창고,1,TOA-BRN-2S-2024,브라운 토스터 2구,주방가전,소형가전,토스터기,2031-06-19,5825
1,본사창고,10,TV-XIA-LED-50-2024,"샤오미 50""",가전제품,영상가전,TV,2030-05-09,5503
1,본사창고,3,OV-CK-45L-2024,쿠첸 45L,주방가전,주방가전,오븐,2029-11-30,2305
1,본사창고,7,DES-LEN-THINK-2024,레노보 씽크센터,IT기기,컴퓨터,데스크탑,2029-10-12,3116
1,본사창고,2,VAC-XIA-ROBO-2024,샤오미 로봇청소기,가전제품,생활가전,청소기,2031-03-13,7231
1,본사창고,5,PRN-BRO-LASER-2024,브라더 레이저,IT기기,주변기기,프린터,2027-06-24,3151
1,본사창고,3,AIR-LG-PURI-58-2024,LG 퓨리케어 58㎡,가전제품,계절가전,공기청정기,2028-10-06,6582
1,본사창고,1,PHN-XIA-RED-128-2024,샤오미 Redmi 128GB,IT기기,모바일,스마트폰,2029-10-19,1555
1,본사창고,3,AIR-SAM-60-2024,삼성 블루스카이 60㎡,가전제품,계절가전,공기청정기,2029-04-20,2267
1,본사창고,3,NBK-SAM-GALAXY-15-2024,삼성 갤럭시북 15,IT기기,컴퓨터,노트북,2027-08-05,4596
1,본사창고,9,FR-CAR-2D-300L-2023,캐리어 2도어 300L,가전제품,생활가전,냉장고,2031-10-16,5987
1,본사창고,3,AIR-LG-PURI-58-2024,LG 퓨리케어 58㎡,가전제품,계절가전,공기청정기,2031-12-04,12990
1,본사창고,5,VAC-SAM-JET-2024,삼성 제트,가전제품,생활가전,청소기,2030-01-25,2538
1,본사창고,8,FR-WIN-3D-650L-2023,위니아 3도어 650L,가전제품,생활가전,냉장고,2031-02-13,5595
1,본사창고,4,TOA-BRN-2S-2024,브라운 토스터 2구,주방가전,소형가전,토스터기,2030-09-19,5930
1,본사창고,4,MON-LG-27QHD-2024,LG 27인치 QHD,IT기기,컴퓨터,모니터,2031-11-27,11465
1,본사창고,7,MW-DAE-25L-2023,대우 25L,주방가전,주방가전,전자레인지,2030-05-02,1475
1,본사창고,1,MIX-BRV-STAND-5L-2024,브레빌 스탠드믹서 5L,주방가전,소형가전,믹서기,2029-09-28,7564
1,본사창고,3,RTR-NET-AX5400-2024,넷기어 AX5400,IT기기,주변기기,라우터,2031-05-29,9980
1,본사창고,8,MON-SAM-32UHD-2024,삼성 32인치 4K,IT기기,컴퓨터,모니터,2030-12-12,6045
1,본사창고,10,PHN-SAM-S24-256-2024,갤럭시 S24 256GB,IT기기,모바일,스마트폰,2029-08-10,2846
1,본사창고,9,AIR-LG-PURI-58-2024,LG 퓨리케어 58㎡,가전제품,계절가전,공기청정기,2028-04-21,5524
1,본사창고,10,WM-MIE-DRUM-9K-2023,미iele 드럼 9kg,가전제품,생활가전,세탁기,2027-08-19,2683
1,본사창고,2,OV-CK-45L-2024,쿠첸 45L,주방가전,주방가전,오븐,2029-08-31,4761
1,본사창고,6,VAC-ROB-I7-2023,아이로봇 i7,가전제품,생활가전,청소기,2028-11-10,2415
1,본사창고,4,MON-SAM-32UHD-2024,삼성 32인치 4K,IT기기,컴퓨터,모니터,2028-12-15,2892
1,본사창고,9,WM-LG-TOP-21K-2024,LG 통돌이 21kg,가전제품,생활가전,세탁기,2028-09-01,9243
1,본사창고,6,COF-BRV-SEMI-2024,브레빌 반자동,주방가전,소형가전,커피머신,2028-10-27,3158
1,본사창고,4,NBK-SAM-GALAXY-15-2024,삼성 갤럭시북 15,IT기기,컴퓨터,노트북,2029-01-26,2490
1,본사창고,1,OV-CK-45L-2024,쿠첸 45L,주방가전,주방가전,오븐,2029-02-09,1634
1,본사창고,3,MON-DEL-24FHD-2023,델 24인치 FHD,IT기기,컴퓨터,모니터,2029-11-09,5993
1,본사창고,4,PHN-SAM-S24-256-2024,갤럭시 S24 256GB,IT기기,모바일,스마트폰,2029-08-24,4466
1,본사창고,1,OV-SAM-72L-2024,삼성 빌트인 오븐 72L,주방가전,주방가전,오븐,2030-03-14,3685
1,본사창고,8,NBK-LG-GRAM-16-2024,LG 그램 16,IT기기,컴퓨터,노트북,2028-01-27,3213
1,본사창고,7,WM-WIN-DRUM-20K-2023,위니아 드럼 20kg,가전제품,생활가전,세탁기,2031-08-28,4650
1,본사창고,8,DRY-SAM-GRN-20K-2024,삼성 그랑데 건조기 20kg,가전제품,생활가전,건조기,2030-06-27,13116
1,본사창고,9,VAC-XIA-ROBO-2024,샤오미 로봇청소기,가전제품,생활가전,청소기,2031-11-20,12085
1,본사창고,10,AC-CAR-16P-2024,캐리어 16평,가전제품,계절가전,에어컨,2029-02-09,3485
1,본사창고,7,WM-WIN-DRUM-20K-2023,위니아 드럼 20kg,가전제품,생활가전,세탁기,2029-01-19,1127
1,본사창고,10,MON-SAM-32UHD-2024,삼성 32인치 4K,IT기기,컴퓨터,모니터,2031-09-11,8366
1,본사창고,10,DES-HP-STD-2024,HP 데스크탑,IT기기,컴퓨터,데스크탑,2028-08-11,6114
1,본사창고,3,FR-CAR-2D-300L-2023,캐리어 2도어 300L,가전제품,생활가전,냉장고,2029-01-19,2045
1,본사창고,8,DES-HP-STD-2024,HP 데스크탑,IT기기,컴퓨터,데스크탑,2027-10-14,4148
1,본사창고,3,DES-HP-STD-2024,HP 데스크탑,IT기기,컴퓨터,데스크탑,2029-12-07,2832
1,본사창고,4,DES-HP-STD-2024,HP 데스크탑,IT기기,컴퓨터,데스크탑,2031-08-28,10137
1,본사창고,2,DRY-WIN-17K-2023,위니아 17kg,가전제품,생활가전,건조기,2029-03-16,2527
1,본사창고,3,VAC-DYS-V11-2024,다이슨 V11,가전제품,생활가전,청소기,2028-08-18,3755
1,본사창고,3,PRN-CAN-INK-2024,캐논 잉크젯,IT기기,주변기기,프린터,2027-07-15,4839
1,본사창고,5,RTR-NET-AX5400-2024,넷기어 AX5400,IT기기,주변기기,라우터,2029-04-27,3403
1,본사창고,1,RTR-TPL-AX3000-2024,티피링크 AX3000,IT기기,주변기기,라우터,2028-09-22,3775
1,본사창고,1,DW-SAM-12P-2024,삼성 식기세척기 12인,주방가전,주방가전,식기세척기,2028-10-06,3286
1,본사창고,2,FR-LG-OBJ-820L-2024,LG 오브제 4도어 820L,가전제품,생활가전,냉장고,2028-10-06,7497
1,본사창고,5,DW-LG-12P-2024,LG 식기세척기 12인,주방가전,주방가전,식기세척기,2027-11-04,3336
1,본사창고,4,DES-HP-STD-2024,HP 데스크탑,IT기기,컴퓨터,데스크탑,2028-01-06,2383
1,본사창고,5,MW-SAM-30L-2024,삼성 전자레인지 30L,주방가전,주방가전,전자레인지,2027-05-13,6221
1,본사창고,7,DRY-WHP-10K-2023,위프로 10kg,가전제품,생활가전,건조기,2031-09-11,2244
1,본사창고,5,TV-LG-LED-55-2023,"LG LED 55""",가전제품,영상가전,TV,2031-03-27,2330
1,본사창고,6,COF-DEL-AUTO-2024,드롱기 전자동,주방가전,소형가전,커피머신,2031-04-17,6681
1,본사창고,2,AIR-SAM-60-2024,삼성 블루스카이 60㎡,가전제품,계절가전,공기청정기,2029-09-14,2064
1,본사창고,4,DES-HP-STD-2024,HP 데스크탑,IT기기,컴퓨터,데스크탑,2030-04-04,4497
1,본사창고,2,WM-LG-TOP-21K-2024,LG 통돌이 21kg,가전제품,생활가전,세탁기,2028-06-30,9143
1,본사창고,1,FR-SAM-4D-820L-2024,삼성 비스포크 4도어 820L,가전제품,생활가전,냉장고,2029-10-26,5216
1,본사창고,5,COF-NES-CAPS-2024,네스프레소 캡슐,주방가전,소형가전,커피머신,2029-03-09,2186
1,본사창고,9,DRY-WHP-10K-2023,위프로 10kg,가전제품,생활가전,건조기,2029-11-16,2149
1,본사창고,1,DES-SAM-STD-2024,삼성 데스크탑,IT기기,컴퓨터,데스크탑,2030-12-19,2551
1,본사창고,1,PRN-HP-LASER-2024,HP 레이저프린터,IT기기,주변기기,프린터,2030-04-18,4528
1,본사창고,5,TV-LG-LED-55-2023,"LG LED 55""",가전제품,영상가전,TV,2029-11-02,2397
1,본사창고,7,AC-SAM-WF-18P-2024,삼성 무풍 18평,가전제품,계절가전,에어컨,2032-01-01,4605
1,본사창고,9,FR-LG-OBJ-820L-2024,LG 오브제 4도어 820L,가전제품,생활가전,냉장고,2031-03-06,11030
1,본사창고,2,VAC-XIA-ROBO-2024,샤오미 로봇청소기,가전제품,생활가전,청소기,2031-10-23,9718
1,본사창고,3,MW-LG-25L-2024,LG 전자레인지 25L,주방가전,주방가전,전자레인지,2027-02-18,2741
1,본사창고,1,COF-BRV-SEMI-2024,브레빌 반자동,주방가전,소형가전,커피머신,2031-09-25,7150
1,본사창고,10,FR-WIN-3D-650L-2023,위니아 3도어 650L,가전제품,생활가전,냉장고,2028-05-19,4206
1,본사창고,7,PRN-HP-LASER-2024,HP 레이저프린터,IT기기,주변기기,프린터,2028-05-12,2205
1,본사창고,8,PHN-SAM-S24-256-2024,갤럭시 S24 256GB,IT기기,모바일,스마트폰,2028-08-11,4774
1,본사창고,3,VAC-SAM-JET-2024,삼성 제트,가전제품,생활가전,청소기,2028-08-25,5990
1,본사창고,10,DW-SKM-8P-2024,SK매직 8인,주방가전,주방가전,식기세척기,2027-10-14,2404
1,본사창고,6,AIR-LG-PURI-58-2024,LG 퓨리케어 58㎡,가전제품,계절가전,공기청정기,2027-05-20,3941
1,본사창고,2,VAC-DYS-V11-2024,다이슨 V11,가전제품,생활가전,청소기,2027-10-28,3342
1,본사창고,7,FR-LG-OBJ-820L-2024,LG 오브제 4도어 820L,가전제품,생활가전,냉장고,2029-02-02,2141
1,본사창고,10,COF-NES-CAPS-2024,네스프레소 캡슐,주방가전,소형가전,커피머신,2029-10-05,3613
1,본사창고,7,DW-SKM-8P-2024,SK매직 8인,주방가전,주방가전,식기세척기,2031-07-31,5470
1,본사창고,3,MON-SAM-32UHD-2024,삼성 32인치 4K,IT기기,컴퓨터,모니터,2030-08-08,6486
1,본사창고,10,WM-MIE-DRUM-9K-2023,미iele 드럼 9kg,가전제품,생활가전,세탁기,2028-07-21,3604
1,본사창고,3,WM-WIN-DRUM-20K-2023,위니아 드럼 20kg,가전제품,생활가전,세탁기,2031-05-08,7686
1,본사창고,9,AIR-XIA-52-2024,샤오미 52㎡,가전제품,계절가전,공기청정기,2030-06-06,5622
1,본사창고,8,DRY-LG-TROM-19K-2024,LG 트롬 건조기 19kg,가전제품,생활가전,건조기,2027-12-02,2901
1,본사창고,7,VAC-DYS-V11-2024,다이슨 V11,가전제품,생활가전,청소기,2028-03-10,2573
1,본사창고,1,TOA-BRN-2S-2024,브라운 토스터 2구,주방가전,소형가전,토스터기,2027-12-23,1799
1,본사창고,8,MW-CK-23L-2024,쿠쿠 23L,주방가전,주방가전,전자레인지,2029-03-16,2181
1,본사창고,2,MON-SAM-32UHD-2024,삼성 32인치 4K,IT기기,컴퓨터,모니터,2030-05-09,8056
1,본사창고,1,FR-WIN-3D-650L-2023,위니아 3도어 650L,가전제품,생활가전,냉장고,2029-02-09,1820
1,본사창고,10,MW-SAM-30L-2024,삼성 전자레인지 30L,주방가전,주방가전,전자레인지,2031-02-20,12648
1,본사창고,10,MW-CK-23L-2024,쿠쿠 23L,주방가전,주방가전,전자레인지,2031-10-23,4997
1,본사창고,3,PHN-SAM-S24-256-2024,갤럭시 S24 256GB,IT기기,모바일,스마트폰,2031-03-13,9474
1,본사창고,8,NBK-LG-GRAM-16-2024,LG 그램 16,IT기기,컴퓨터,노트북,2028-09-15,6536
1,본사창고,6,AC-LG-WS-6P-2024,LG 벽걸이 6평,가전제품,계절가전,에어컨,2030-05-23,1135
1,본사창고,5,DW-SAM-12P-2024,삼성 식기세척기 12인,주방가전,주방가전,식기세척기,2030-06-27,5717
1,본사창고,2,OV-SAM-72L-2024,삼성 빌트인 오븐 72L,주방가전,주방가전,오븐,2031-05-29,8622
1,본사창고,9,FR-WIN-3D-650L-2023,위니아 3도어 650L,가전제품,생활가전,냉장고,2029-02-09,1434
1,본사창고,5,WM-MIE-DRUM-9K-2023,미iele 드럼 9kg,가전제품,생활가전,세탁기,2028-05-12,1657
1,본사창고,4,FR-CAR-2D-300L-2023,캐리어 2도어 300L,가전제품,생활가전,냉장고,2027-04-08,1923
1,본사창고,5,MIX-BRV-STAND-5L-2024,브레빌 스탠드믹서 5L,주방가전,소형가전,믹서기,2027-11-25,5268
1,본사창고,2,PHN-XIA-RED-128-2024,샤오미 Redmi 128GB,IT기기,모바일,스마트폰,2027-08-26,4649
1,본사창고,6,WM-WIN-DRUM-20K-2023,위니아 드럼 20kg,가전제품,생활가전,세탁기,2029-02-02,1199
1,본사창고,10,OV-CK-45L-2024,쿠첸 45L,주방가전,주방가전,오븐,2031-07-24,5552
1,본사창고,6,NBK-SAM-GALAXY-15-2024,삼성 갤럭시북 15,IT기기,컴퓨터,노트북,2027-05-13,2308
1,본사창고,8,OV-CK-45L-2024,쿠첸 45L,주방가전,주방가전,오븐,2029-11-16,3681
1,본사창고,9,PHN-XIA-RED-128-2024,샤오미 Redmi 128GB,IT기기,모바일,스마트폰,2031-02-13,5989
1,본사창고,10,NBK-LG-GRAM-16-2024,LG 그램 16,IT기기,컴퓨터,노트북,2028-08-04,4801
1,본사창고,1,DRY-WHP-10K-2023,위프로 10kg,가전제품,생활가전,건조기,2031-10-23,3081
1,본사창고,5,AC-LG-WS-6P-2024,LG 벽걸이 6평,가전제품,계절가전,에어컨,2031-07-17,3654
1,본사창고,1,AC-LG-WS-6P-2024,LG 벽걸이 6평,가전제품,계절가전,에어컨,2029-02-16,1000
1,본사창고,10,RTR-NET-AX5400-2024,넷기어 AX5400,IT기기,주변기기,라우터,2030-10-03,5401
1,본사창고,5,COF-NES-CAPS-2024,네스프레소 캡슐,주방가전,소형가전,커피머신,2028-06-16,3779
1,본사창고,5,MW-SAM-30L-2024,삼성 전자레인지 30L,주방가전,주방가전,전자레인지,2028-01-20,2711
1,본사창고,6,DW-SAM-12P-2024,삼성 식기세척기 12인,주방가전,주방가전,식기세척기,2027-05-13,3337
1,본사창고,4,WM-SAM-GRN-24K-2024,삼성 그랑데 24kg,가전제품,생활가전,세탁기,2030-05-30,6972
1,본사창고,7,WM-LG-TOP-21K-2024,LG 통돌이 21kg,가전제품,생활가전,세탁기,2028-08-11,5443
1,본사창고,9,FR-SAM-4D-820L-2024,삼성 비스포크 4도어 820L,가전제품,생활가전,냉장고,2027-07-01,6294
1,본사창고,9,MW-DAE-25L-2023,대우 25L,주방가전,주방가전,전자레인지,2027-09-09,1268
1,본사창고,9,MON-DEL-24FHD-2023,델 24인치 FHD,IT기기,컴퓨터,모니터,2028-09-22,2961
1,본사창고,2,DRY-LG-TROM-19K-2024,LG 트롬 건조기 19kg,가전제품,생활가전,건조기,2029-03-16,5374
1,본사창고,10,TV-XIA-LED-50-2024,"샤오미 50""",가전제품,영상가전,TV,2030-12-05,3894
1,본사창고,7,VAC-DYS-V11-2024,다이슨 V11,가전제품,생활가전,청소기,2030-05-30,4022
1,본사창고,6,MON-LG-27QHD-2024,LG 27인치 QHD,IT기기,컴퓨터,모니터,2028-09-22,3283
1,본사창고,6,AC-SAM-WF-18P-2024,삼성 무풍 18평,가전제품,계절가전,에어컨,2031-10-02,9209
1,본사창고,9,WM-SAM-GRN-24K-2024,삼성 그랑데 24kg,가전제품,생활가전,세탁기,2031-05-15,14644
1,본사창고,9,DW-SAM-12P-2024,삼성 식기세척기 12인,주방가전,주방가전,식기세척기,2028-12-01,4189
1,본사창고,5,MW-DAE-25L-2023,대우 25L,주방가전,주방가전,전자레인지,2028-05-12,1409
1,본사창고,7,WM-LG-TOP-21K-2024,LG 통돌이 21kg,가전제품,생활가전,세탁기,2029-01-05,2564
1,본사창고,8,MIX-BRV-STAND-5L-2024,브레빌 스탠드믹서 5L,주방가전,소형가전,믹서기,2027-06-10,9384
1,본사창고,1,TV-LG-OLED-65-2024,"LG OLED 65""",가전제품,영상가전,TV,2029-12-07,3244
1,본사창고,9,PRN-BRO-LASER-2024,브라더 레이저,IT기기,주변기기,프린터,2027-08-05,3843
1,본사창고,7,WAT-APL-AW-41-2024,애플 워치 41mm,IT기기,모바일,스마트워치,2029-01-12,1681
1,본사창고,4,VAC-SAM-JET-2024,삼성 제트,가전제품,생활가전,청소기,2027-04-01,2844
1,본사창고,2,DES-SAM-STD-2024,삼성 데스크탑,IT기기,컴퓨터,데스크탑,2029-02-02,3904
1,본사창고,8,MON-DEL-24FHD-2023,델 24인치 FHD,IT기기,컴퓨터,모니터,2027-09-09,5117
1,본사창고,5,TOA-BRN-2S-2024,브라운 토스터 2구,주방가전,소형가전,토스터기,2028-11-10,2897
1,본사창고,3,WM-SAM-GRN-24K-2024,삼성 그랑데 24kg,가전제품,생활가전,세탁기,2028-04-14,6092
1,본사창고,6,TV-XIA-LED-50-2024,"샤오미 50""",가전제품,영상가전,TV,2027-10-28,1383
1,본사창고,4,OV-SAM-72L-2024,삼성 빌트인 오븐 72L,주방가전,주방가전,오븐,2029-07-27,5904
1,본사창고,5,AIR-WNX-56-2024,위닉스 56㎡,가전제품,계절가전,공기청정기,2030-07-11,7052
1,본사창고,5,MIX-CUI-HAND-2024,쿠진아트 핸드블렌더,주방가전,소형가전,믹서기,2031-02-27,0
1,본사창고,7,NBK-SAM-GALAXY-15-2024,삼성 갤럭시북 15,IT기기,컴퓨터,노트북,2027-06-10,2445
1,본사창고,2,COF-NES-CAPS-2024,네스프레소 캡슐,주방가전,소형가전,커피머신,2029-07-13,8201
1,본사창고,2,DW-SKM-8P-2024,SK매직 8인,주방가전,주방가전,식기세척기,2029-12-21,1645
1,본사창고,7,OV-LG-70L-2024,LG 빌트인 오븐 70L,주방가전,주방가전,오븐,2028-03-17,2945
1,본사창고,2,OV-SAM-72L-2024,삼성 빌트인 오븐 72L,주방가전,주방가전,오븐,2031-09-18,10477
1,본사창고,5,AIR-SAM-60-2024,삼성 블루스카이 60㎡,가전제품,계절가전,공기청정기,2028-08-04,1644
1,본사창고,2,DES-HP-STD-2024,HP 데스크탑,IT기기,컴퓨터,데스크탑,2028-06-16,7116
1,본사창고,9,MIX-BRV-STAND-5L-2024,브레빌 스탠드믹서 5L,주방가전,소형가전,믹서기,2029-05-18,9146
1,본사창고,3,AC-LG-STAND-18P-2024,LG 휘센 스탠드 18평,가전제품,계절가전,에어컨,2030-11-14,10622
1,본사창고,4,NBK-SAM-GALAXY-15-2024,삼성 갤럭시북 15,IT기기,컴퓨터,노트북,2027-05-20,3157
1,본사창고,2,OV-SAM-72L-2024,삼성 빌트인 오븐 72L,주방가전,주방가전,오븐,2031-01-16,6223
1,본사창고,9,TV-XIA-LED-50-2024,"샤오미 50""",가전제품,영상가전,TV,2029-01-12,1349
1,본사창고,9,TOA-PHI-2S-2024,필립스 토스터 2구,주방가전,소형가전,토스터기,2029-02-23,3215
1,본사창고,1,PRN-BRO-LASER-2024,브라더 레이저,IT기기,주변기기,프린터,2028-09-08,4195
1,본사창고,7,NBK-SAM-GALAXY-15-2024,삼성 갤럭시북 15,IT기기,컴퓨터,노트북,2028-12-22,2173
1,본사창고,4,NBK-SAM-GALAXY-15-2024,삼성 갤럭시북 15,IT기기,컴퓨터,노트북,2028-09-01,3622
1,본사창고,6,TV-LG-LED-55-2023,"LG LED 55""",가전제품,영상가전,TV,2027-11-25,1715
1,본사창고,4,DRY-WIN-17K-2023,위니아 17kg,가전제품,생활가전,건조기,2028-07-28,4232
1,본사창고,10,MW-DAE-25L-2023,대우 25L,주방가전,주방가전,전자레인지,2029-07-13,1721
1,본사창고,2,NBK-LG-GRAM-16-2024,LG 그램 16,IT기기,컴퓨터,노트북,2031-02-27,10664
1,본사창고,7,OV-LG-70L-2024,LG 빌트인 오븐 70L,주방가전,주방가전,오븐,2030-06-06,6047
1,본사창고,8,PHN-XIA-RED-128-2024,샤오미 Redmi 128GB,IT기기,모바일,스마트폰,2028-08-11,5719
1,본사창고,3,MW-CK-23L-2024,쿠쿠 23L,주방가전,주방가전,전자레인지,2031-12-04,6456
1,본사창고,10,WM-LG-TOP-21K-2024,LG 통돌이 21kg,가전제품,생활가전,세탁기,2030-04-18,8233
1,본사창고,2,AC-LG-WS-6P-2024,LG 벽걸이 6평,가전제품,계절가전,에어컨,2031-01-16,1409
1,본사창고,1,AC-CAR-16P-2024,캐리어 16평,가전제품,계절가전,에어컨,2027-09-02,2189
1,본사창고,1,AIR-WNX-56-2024,위닉스 56㎡,가전제품,계절가전,공기청정기,2029-11-23,5051
1,본사창고,7,COF-DEL-AUTO-2024,드롱기 전자동,주방가전,소형가전,커피머신,2030-08-08,4219
1,본사창고,1,WAT-APL-AW-41-2024,애플 워치 41mm,IT기기,모바일,스마트워치,2031-11-20,7448
1,본사창고,10,DRY-SAM-GRN-20K-2024,삼성 그랑데 건조기 20kg,가전제품,생활가전,건조기,2031-05-22,11318
1,본사창고,4,COF-BRV-SEMI-2024,브레빌 반자동,주방가전,소형가전,커피머신,2027-06-10,3568
1,본사창고,10,AIR-WNX-56-2024,위닉스 56㎡,가전제품,계절가전,공기청정기,2029-02-02,3604
1,본사창고,10,AC-SAM-WF-18P-2024,삼성 무풍 18평,가전제품,계절가전,에어컨,2028-06-16,6231
1,본사창고,8,MIX-BRV-STAND-5L-2024,브레빌 스탠드믹서 5L,주방가전,소형가전,믹서기,2027-05-13,8690
1,본사창고,6,VAC-DYS-V11-2024,다이슨 V11,가전제품,생활가전,청소기,2030-10-10,5306
1,본사창고,8,AIR-LG-PURI-58-2024,LG 퓨리케어 58㎡,가전제품,계절가전,공기청정기,2028-05-19,8412
1,본사창고,6,DES-HP-STD-2024,HP 데스크탑,IT기기,컴퓨터,데스크탑,2028-12-29,2039
1,본사창고,2,PHN-SAM-S24-256-2024,갤럭시 S24 256GB,IT기기,모바일,스마트폰,2030-09-12,5343
1,본사창고,10,FR-SAM-4D-820L-2024,삼성 비스포크 4도어 820L,가전제품,생활가전,냉장고,2031-11-27,14966
1,본사창고,6,RTR-TPL-AX3000-2024,티피링크 AX3000,IT기기,주변기기,라우터,2029-09-14,4648
1,본사창고,10,NBK-LEN-IDEA-15-2023,레노보 아이디어패드 15,IT기기,컴퓨터,노트북,2027-02-11,2907
1,본사창고,6,WM-SAM-GRN-24K-2024,삼성 그랑데 24kg,가전제품,생활가전,세탁기,2028-09-15,4746
1,본사창고,9,TV-LG-LED-55-2023,"LG LED 55""",가전제품,영상가전,TV,2029-01-12,1152
1,본사창고,3,DW-SKM-8P-2024,SK매직 8인,주방가전,주방가전,식기세척기,2027-09-09,4276
1,본사창고,3,MW-DAE-25L-2023,대우 25L,주방가전,주방가전,전자레인지,2029-09-21,2755
1,본사창고,9,DW-LG-12P-2024,LG 식기세척기 12인,주방가전,주방가전,식기세척기,2027-06-17,5328
1,본사창고,5,DES-HP-STD-2024,HP 데스크탑,IT기기,컴퓨터,데스크탑,2031-03-20,5228
1,본사창고,8,FR-SAM-4D-820L-2024,삼성 비스포크 4도어 820L,가전제품,생활가전,냉장고,2030-03-28,7737
1,본사창고,4,COF-DEL-AUTO-2024,드롱기 전자동,주방가전,소형가전,커피머신,2031-10-16,6697
1,본사창고,9,MW-LG-25L-2024,LG 전자레인지 25L,주방가전,주방가전,전자레인지,2031-01-30,6871
1,본사창고,7,RTR-ASU-AX6000-2024,아수스 AX6000,IT기기,주변기기,라우터,2029-07-06,3580
1,본사창고,2,DRY-WIN-17K-2023,위니아 17kg,가전제품,생활가전,건조기,2027-01-28,1785
1,본사창고,7,NBK-LG-GRAM-16-2024,LG 그램 16,IT기기,컴퓨터,노트북,2028-11-24,2004
1,본사창고,9,FR-LG-OBJ-820L-2024,LG 오브제 4도어 820L,가전제품,생활가전,냉장고,2030-09-05,8671
1,본사창고,10,PRN-BRO-LASER-2024,브라더 레이저,IT기기,주변기기,프린터,2031-01-30,5106
1,본사창고,9,AIR-SAM-60-2024,삼성 블루스카이 60㎡,가전제품,계절가전,공기청정기,2028-09-08,1460
1,본사창고,9,TOA-BRN-2S-2024,브라운 토스터 2구,주방가전,소형가전,토스터기,2027-01-28,2497
1,본사창고,4,MW-CK-23L-2024,쿠쿠 23L,주방가전,주방가전,전자레인지,2031-02-13,5655
1,본사창고,8,VAC-XIA-ROBO-2024,샤오미 로봇청소기,가전제품,생활가전,청소기,2030-06-27,8740
1,본사창고,8,PHN-SAM-S24-256-2024,갤럭시 S24 256GB,IT기기,모바일,스마트폰,2027-09-02,4121
1,본사창고,8,TV-SAM-QLED-65-2024,"삼성 QLED 65""",가전제품,영상가전,TV,2030-05-23,9086
1,본사창고,4,WAT-SAM-GAL-45-2024,갤럭시 워치 45mm,IT기기,모바일,스마트워치,2028-11-17,4114
1,본사창고,9,PRN-BRO-LASER-2024,브라더 레이저,IT기기,주변기기,프린터,2028-09-01,4676
1,본사창고,4,FR-WIN-3D-650L-2023,위니아 3도어 650L,가전제품,생활가전,냉장고,2030-09-19,2711
1,본사창고,10,PHN-XIA-RED-128-2024,샤오미 Redmi 128GB,IT기기,모바일,스마트폰,2031-04-10,12401
1,본사창고,7,RTR-NET-AX5400-2024,넷기어 AX5400,IT기기,주변기기,라우터,2030-09-12,2798
1,본사창고,8,NBK-LG-GRAM-16-2024,LG 그램 16,IT기기,컴퓨터,노트북,2030-04-04,6628
1,본사창고,6,DRY-SAM-GRN-20K-2024,삼성 그랑데 건조기 20kg,가전제품,생활가전,건조기,2030-02-22,4285
1,본사창고,9,WM-LG-TOP-21K-2024,LG 통돌이 21kg,가전제품,생활가전,세탁기,2030-12-05,5469
1,본사창고,3,OV-SAM-72L-2024,삼성 빌트인 오븐 72L,주방가전,주방가전,오븐,2027-05-20,3301
1,본사창고,2,TV-XIA-LED-50-2024,"샤오미 50""",가전제품,영상가전,TV,2029-08-31,3610
1,본사창고,3,AIR-WNX-56-2024,위닉스 56㎡,가전제품,계절가전,공기청정기,2028-01-20,3343
1,본사창고,3,COF-NES-CAPS-2024,네스프레소 캡슐,주방가전,소형가전,커피머신,2031-07-10,13969
1,본사창고,9,MIX-BRV-STAND-5L-2024,브레빌 스탠드믹서 5L,주방가전,소형가전,믹서기,2029-08-03,9850
1,본사창고,7,COF-DEL-AUTO-2024,드롱기 전자동,주방가전,소형가전,커피머신,2027-07-08,3555
1,본사창고,10,AC-LG-STAND-18P-2024,LG 휘센 스탠드 18평,가전제품,계절가전,에어컨,2030-01-04,5618
1,본사창고,3,DW-LG-12P-2024,LG 식기세척기 12인,주방가전,주방가전,식기세척기,2029-01-26,3832
1,본사창고,1,PRN-BRO-LASER-2024,브라더 레이저,IT기기,주변기기,프린터,2030-06-27,5138
1,본사창고,1,PHN-APL-IP15-128-2024,아이폰 15 128GB,IT기기,모바일,스마트폰,2030-12-05,6349
1,본사창고,2,WM-MIE-DRUM-9K-2023,미iele 드럼 9kg,가전제품,생활가전,세탁기,2031-12-04,4986
1,본사창고,6,OV-CK-45L-2024,쿠첸 45L,주방가전,주방가전,오븐,2031-11-20,4461
1,본사창고,5,OV-CK-45L-2024,쿠첸 45L,주방가전,주방가전,오븐,2031-03-06,3257
1,본사창고,7,DES-SAM-STD-2024,삼성 데스크탑,IT기기,컴퓨터,데스크탑,2031-10-23,4789
1,본사창고,3,DES-SAM-STD-2024,삼성 데스크탑,IT기기,컴퓨터,데스크탑,2028-08-11,3808
1,본사창고,10,WAT-APL-AW-41-2024,애플 워치 41mm,IT기기,모바일,스마트워치,2029-03-30,3094
1,본사창고,1,TOA-PHI-2S-2024,필립스 토스터 2구,주방가전,소형가전,토스터기,2028-02-10,2956
1,본사창고,10,RTR-TPL-AX3000-2024,티피링크 AX3000,IT기기,주변기기,라우터,2031-05-15,9826
1,본사창고,2,OV-LG-70L-2024,LG 빌트인 오븐 70L,주방가전,주방가전,오븐,2027-11-11,4902
1,본사창고,3,FR-WIN-3D-650L-2023,위니아 3도어 650L,가전제품,생활가전,냉장고,2031-05-15,6546
1,본사창고,7,PRN-CAN-INK-2024,캐논 잉크젯,IT기기,주변기기,프린터,2028-11-03,3693
1,본사창고,10,PHN-APL-IP15-128-2024,아이폰 15 128GB,IT기기,모바일,스마트폰,2031-08-28,5828
1,본사창고,5,OV-CK-45L-2024,쿠첸 45L,주방가전,주방가전,오븐,2027-01-14,724
1,본사창고,6,WAT-APL-AW-41-2024,애플 워치 41mm,IT기기,모바일,스마트워치,2031-09-04,5239
1,본사창고,9,NBK-LEN-IDEA-15-2023,레노보 아이디어패드 15,IT기기,컴퓨터,노트북,2029-09-07,2875
1,본사창고,6,MW-DAE-25L-2023,대우 25L,주방가전,주방가전,전자레인지,2028-11-17,1171
1,본사창고,9,VAC-DYS-V11-2024,다이슨 V11,가전제품,생활가전,청소기,2028-12-22,3321
1,본사창고,1,TV-XIA-LED-50-2024,"샤오미 50""",가전제품,영상가전,TV,2029-08-17,3178
1,본사창고,1,PHN-SAM-S24-256-2024,갤럭시 S24 256GB,IT기기,모바일,스마트폰,2028-11-03,3700
1,본사창고,1,DRY-WIN-17K-2023,위니아 17kg,가전제품,생활가전,건조기,2027-03-18,1933
1,본사창고,7,AIR-LG-PURI-58-2024,LG 퓨리케어 58㎡,가전제품,계절가전,공기청정기,2029-08-10,4294
1,본사창고,3,VAC-XIA-ROBO-2024,샤오미 로봇청소기,가전제품,생활가전,청소기,2032-01-01,6489
1,본사창고,1,DRY-SAM-GRN-20K-2024,삼성 그랑데 건조기 20kg,가전제품,생활가전,건조기,2031-03-27,10656
1,본사창고,4,DES-LEN-THINK-2024,레노보 씽크센터,IT기기,컴퓨터,데스크탑,2027-02-04,2176
1,본사창고,5,DRY-SAM-GRN-20K-2024,삼성 그랑데 건조기 20kg,가전제품,생활가전,건조기,2027-09-30,4421
1,본사창고,4,WM-SAM-GRN-24K-2024,삼성 그랑데 24kg,가전제품,생활가전,세탁기,2027-09-23,5757
1,본사창고,10,MON-LG-27QHD-2024,LG 27인치 QHD,IT기기,컴퓨터,모니터,2030-09-26,6260
1,본사창고,7,AIR-LG-PURI-58-2024,LG 퓨리케어 58㎡,가전제품,계절가전,공기청정기,2028-07-07,4260
1,본사창고,8,DRY-SAM-GRN-20K-2024,삼성 그랑데 건조기 20kg,가전제품,생활가전,건조기,2030-07-04,14946
1,본사창고,8,MW-SAM-30L-2024,삼성 전자레인지 30L,주방가전,주방가전,전자레인지,2031-07-17,30325
1,본사창고,2,PRN-BRO-LASER-2024,브라더 레이저,IT기기,주변기기,프린터,2030-07-25,10498
1,본사창고,8,DW-LG-12P-2024,LG 식기세척기 12인,주방가전,주방가전,식기세척기,2027-08-12,5117
1,본사창고,5,COF-BRV-SEMI-2024,브레빌 반자동,주방가전,소형가전,커피머신,2028-02-03,1938
1,본사창고,5,AIR-WNX-56-2024,위닉스 56㎡,가전제품,계절가전,공기청정기,2030-05-02,4366
1,본사창고,8,FR-SAM-4D-820L-2024,삼성 비스포크 4도어 820L,가전제품,생활가전,냉장고,2031-06-26,14311
1,본사창고,4,COF-NES-CAPS-2024,네스프레소 캡슐,주방가전,소형가전,커피머신,2031-08-21,9533
1,본사창고,5,DRY-LG-TROM-19K-2024,LG 트롬 건조기 19kg,가전제품,생활가전,건조기,2031-08-14,9905
1,본사창고,1,COF-NES-CAPS-2024,네스프레소 캡슐,주방가전,소형가전,커피머신,2027-05-27,3293
1,본사창고,8,NBK-SAM-GALAXY-15-2024,삼성 갤럭시북 15,IT기기,컴퓨터,노트북,2030-10-17,8638
1,본사창고,2,DES-HP-STD-2024,HP 데스크탑,IT기기,컴퓨터,데스크탑,2030-09-19,5493
1,본사창고,5,MIX-CUI-HAND-2024,쿠진아트 핸드블렌더,주방가전,소형가전,믹서기,2029-06-15,0
1,본사창고,1,DES-SAM-STD-2024,삼성 데스크탑,IT기기,컴퓨터,데스크탑,2031-04-24,11171
1,본사창고,4,VAC-SAM-JET-2024,삼성 제트,가전제품,생활가전,청소기,2030-06-06,5228
1,본사창고,4,PHN-SAM-S24-256-2024,갤럭시 S24 256GB,IT기기,모바일,스마트폰,2030-05-30,6857
1,본사창고,7,DRY-SAM-GRN-20K-2024,삼성 그랑데 건조기 20kg,가전제품,생활가전,건조기,2030-03-28,4336
1,본사창고,5,MON-DEL-24FHD-2023,델 24인치 FHD,IT기기,컴퓨터,모니터,2028-03-10,2830
1,본사창고,4,AC-CAR-16P-2024,캐리어 16평,가전제품,계절가전,에어컨,2030-09-12,4243
1,본사창고,4,MW-CK-23L-2024,쿠쿠 23L,주방가전,주방가전,전자레인지,2027-10-14,2863
1,본사창고,9,PRN-BRO-LASER-2024,브라더 레이저,IT기기,주변기기,프린터,2027-12-23,2664
1,본사창고,6,TV-LG-LED-55-2023,"LG LED 55""",가전제품,영상가전,TV,2029-03-02,1241
1,본사창고,5,OV-SAM-72L-2024,삼성 빌트인 오븐 72L,주방가전,주방가전,오븐,2030-02-01,1424
1,본사창고,5,DRY-WHP-10K-2023,위프로 10kg,가전제품,생활가전,건조기,2028-01-27,894
1,본사창고,2,FR-LG-OBJ-820L-2024,LG 오브제 4도어 820L,가전제품,생활가전,냉장고,2029-10-26,7950
1,본사창고,6,PHN-APL-IP15-128-2024,아이폰 15 128GB,IT기기,모바일,스마트폰,2029-08-31,2505
1,본사창고,2,OV-SAM-72L-2024,삼성 빌트인 오븐 72L,주방가전,주방가전,오븐,2029-11-16,3712
1,본사창고,4,AC-SAM-WF-18P-2024,삼성 무풍 18평,가전제품,계절가전,에어컨,2028-08-25,4790
1,본사창고,9,WM-WIN-DRUM-20K-2023,위니아 드럼 20kg,가전제품,생활가전,세탁기,2027-09-23,2171
1,본사창고,2,MON-DEL-24FHD-2023,델 24인치 FHD,IT기기,컴퓨터,모니터,2029-06-08,4268
1,본사창고,5,AIR-WNX-56-2024,위닉스 56㎡,가전제품,계절가전,공기청정기,2027-12-02,3402
1,본사창고,9,DRY-LG-TROM-19K-2024,LG 트롬 건조기 19kg,가전제품,생활가전,건조기,2028-06-09,8091
1,본사창고,6,FR-SAM-4D-820L-2024,삼성 비스포크 4도어 820L,가전제품,생활가전,냉장고,2031-03-20,9692
1,본사창고,5,TV-LG-OLED-65-2024,"LG OLED 65""",가전제품,영상가전,TV,2027-12-09,2969
1,본사창고,6,MW-SAM-30L-2024,삼성 전자레인지 30L,주방가전,주방가전,전자레인지,2030-06-13,8454
1,본사창고,10,DW-SAM-12P-2024,삼성 식기세척기 12인,주방가전,주방가전,식기세척기,2031-07-24,14287
1,본사창고,5,DES-LEN-THINK-2024,레노보 씽크센터,IT기기,컴퓨터,데스크탑,2031-05-29,9442
1,본사창고,10,NBK-SAM-GALAXY-15-2024,삼성 갤럭시북 15,IT기기,컴퓨터,노트북,2029-06-01,5530
1,본사창고,6,OV-LG-70L-2024,LG 빌트인 오븐 70L,주방가전,주방가전,오븐,2027-04-15,2878
1,본사창고,8,NBK-SAM-GALAXY-15-2024,삼성 갤럭시북 15,IT기기,컴퓨터,노트북,2029-10-19,4624
1,본사창고,7,COF-BRV-SEMI-2024,브레빌 반자동,주방가전,소형가전,커피머신,2029-05-25,2782
1,본사창고,4,OV-LG-70L-2024,LG 빌트인 오븐 70L,주방가전,주방가전,오븐,2029-11-09,5118
1,본사창고,4,VAC-XIA-ROBO-2024,샤오미 로봇청소기,가전제품,생활가전,청소기,2030-06-06,6670
1,본사창고,1,WM-MIE-DRUM-9K-2023,미iele 드럼 9kg,가전제품,생활가전,세탁기,2029-02-02,931
1,본사창고,6,OV-CK-45L-2024,쿠첸 45L,주방가전,주방가전,오븐,2028-07-28,2301
1,본사창고,8,PHN-SAM-S24-256-2024,갤럭시 S24 256GB,IT기기,모바일,스마트폰,2029-09-21,3870
1,본사창고,3,TV-XIA-LED-50-2024,"샤오미 50""",가전제품,영상가전,TV,2031-09-04,11010
1,본사창고,4,MW-SAM-30L-2024,삼성 전자레인지 30L,주방가전,주방가전,전자레인지,2027-04-29,7543
1,본사창고,5,TOA-PHI-2S-2024,필립스 토스터 2구,주방가전,소형가전,토스터기,2029-01-19,1810
1,본사창고,10,WM-MIE-DRUM-9K-2023,미iele 드럼 9kg,가전제품,생활가전,세탁기,2031-09-11,5379
1,본사창고,6,MW-DAE-25L-2023,대우 25L,주방가전,주방가전,전자레인지,2028-08-25,1384
1,본사창고,6,MW-DAE-25L-2023,대우 25L,주방가전,주방가전,전자레인지,2031-01-16,1480
1,본사창고,10,TV-XIA-LED-50-2024,"샤오미 50""",가전제품,영상가전,TV,2029-10-12,2641
1,본사창고,7,WM-WIN-DRUM-20K-2023,위니아 드럼 20kg,가전제품,생활가전,세탁기,2030-05-16,2764
1,본사창고,10,TV-LG-LED-55-2023,"LG LED 55""",가전제품,영상가전,TV,2030-01-18,2268
1,본사창고,8,MON-LG-27QHD-2024,LG 27인치 QHD,IT기기,컴퓨터,모니터,2027-06-17,2892
1,본사창고,5,AIR-XIA-52-2024,샤오미 52㎡,가전제품,계절가전,공기청정기,2030-11-14,2909
1,본사창고,10,PHN-APL-IP15-128-2024,아이폰 15 128GB,IT기기,모바일,스마트폰,2028-01-27,3223
1,본사창고,5,RTR-ASU-AX6000-2024,아수스 AX6000,IT기기,주변기기,라우터,2028-07-07,2999
1,본사창고,9,RTR-TPL-AX3000-2024,티피링크 AX3000,IT기기,주변기기,라우터,2029-10-26,3818
1,본사창고,9,AC-SAM-WF-18P-2024,삼성 무풍 18평,가전제품,계절가전,에어컨,2030-05-16,7569
1,본사창고,5,AC-LG-STAND-18P-2024,LG 휘센 스탠드 18평,가전제품,계절가전,에어컨,2028-06-02,5103
1,본사창고,6,MON-SAM-32UHD-2024,삼성 32인치 4K,IT기기,컴퓨터,모니터,2029-03-09,2035
1,본사창고,9,DES-HP-STD-2024,HP 데스크탑,IT기기,컴퓨터,데스크탑,2027-11-04,3016
1,본사창고,6,MON-SAM-32UHD-2024,삼성 32인치 4K,IT기기,컴퓨터,모니터,2028-11-10,3447
1,본사창고,7,FR-WIN-3D-650L-2023,위니아 3도어 650L,가전제품,생활가전,냉장고,2029-03-23,1189
1,본사창고,10,DES-SAM-STD-2024,삼성 데스크탑,IT기기,컴퓨터,데스크탑,2027-08-05,4397
1,본사창고,5,FR-CAR-2D-300L-2023,캐리어 2도어 300L,가전제품,생활가전,냉장고,2029-08-24,1283
1,본사창고,8,WM-MIE-DRUM-9K-2023,미iele 드럼 9kg,가전제품,생활가전,세탁기,2031-02-20,4157
1,본사창고,4,AIR-LG-PURI-58-2024,LG 퓨리케어 58㎡,가전제품,계절가전,공기청정기,2027-11-04,5644
1,본사창고,2,MIX-BRV-STAND-5L-2024,브레빌 스탠드믹서 5L,주방가전,소형가전,믹서기,2027-01-14,5636
1,본사창고,2,MW-DAE-25L-2023,대우 25L,주방가전,주방가전,전자레인지,2029-06-29,2018
1,본사창고,6,WM-MIE-DRUM-9K-2023,미iele 드럼 9kg,가전제품,생활가전,세탁기,2028-09-22,1342
1,본사창고,2,MON-LG-27QHD-2024,LG 27인치 QHD,IT기기,컴퓨터,모니터,2031-05-15,8537
1,본사창고,8,PRN-BRO-LASER-2024,브라더 레이저,IT기기,주변기기,프린터,2031-08-07,9574
1,본사창고,3,NBK-SAM-GALAXY-15-2024,삼성 갤럭시북 15,IT기기,컴퓨터,노트북,2031-12-18,5326
1,본사창고,2,AC-LG-STAND-18P-2024,LG 휘센 스탠드 18평,가전제품,계절가전,에어컨,2027-06-10,6517
1,본사창고,3,WM-MIE-DRUM-9K-2023,미iele 드럼 9kg,가전제품,생활가전,세탁기,2030-09-19,3193
1,본사창고,4,NBK-SAM-GALAXY-15-2024,삼성 갤럭시북 15,IT기기,컴퓨터,노트북,2028-07-28,4810
1,본사창고,10,DES-SAM-STD-2024,삼성 데스크탑,IT기기,컴퓨터,데스크탑,2027-03-18,2981
1,본사창고,10,MW-LG-25L-2024,LG 전자레인지 25L,주방가전,주방가전,전자레인지,2030-05-30,7646
1,본사창고,5,PRN-CAN-INK-2024,캐논 잉크젯,IT기기,주변기기,프린터,2028-11-24,2341
1,본사창고,4,TOA-BRN-2S-2024,브라운 토스터 2구,주방가전,소형가전,토스터기,2027-07-22,6410
1,본사창고,9,TOA-BRN-2S-2024,브라운 토스터 2구,주방가전,소형가전,토스터기,2030-02-22,2271
1,본사창고,6,TOA-PHI-2S-2024,필립스 토스터 2구,주방가전,소형가전,토스터기,2031-01-16,2761
1,본사창고,4,OV-SAM-72L-2024,삼성 빌트인 오븐 72L,주방가전,주방가전,오븐,2029-06-29,5375
1,본사창고,8,MW-DAE-25L-2023,대우 25L,주방가전,주방가전,전자레인지,2031-09-04,4449
1,본사창고,8,DRY-WIN-17K-2023,위니아 17kg,가전제품,생활가전,건조기,2028-09-15,3806
1,본사창고,10,WM-MIE-DRUM-9K-2023,미iele 드럼 9kg,가전제품,생활가전,세탁기,2031-10-02,5207
1,본사창고,7,NBK-LEN-IDEA-15-2023,레노보 아이디어패드 15,IT기기,컴퓨터,노트북,2027-03-25,1580
1,본사창고,10,PRN-BRO-LASER-2024,브라더 레이저,IT기기,주변기기,프린터,2028-11-03,3442
1,본사창고,7,FR-WIN-3D-650L-2023,위니아 3도어 650L,가전제품,생활가전,냉장고,2031-11-13,5205
1,본사창고,3,DES-HP-STD-2024,HP 데스크탑,IT기기,컴퓨터,데스크탑,2029-08-17,3649
1,본사창고,9,AIR-XIA-52-2024,샤오미 52㎡,가전제품,계절가전,공기청정기,2028-12-15,2302
1,본사창고,3,TV-XIA-LED-50-2024,"샤오미 50""",가전제품,영상가전,TV,2031-04-10,6051
1,본사창고,5,DW-SAM-12P-2024,삼성 식기세척기 12인,주방가전,주방가전,식기세척기,2030-12-19,3130
1,본사창고,2,TV-SAM-QLED-65-2024,"삼성 QLED 65""",가전제품,영상가전,TV,2030-09-05,5784
1,본사창고,8,DW-LG-12P-2024,LG 식기세척기 12인,주방가전,주방가전,식기세척기,2031-11-13,11376
1,본사창고,10,RTR-ASU-AX6000-2024,아수스 AX6000,IT기기,주변기기,라우터,2028-11-24,3986
1,본사창고,6,MW-CK-23L-2024,쿠쿠 23L,주방가전,주방가전,전자레인지,2028-08-11,2663
1,본사창고,10,NBK-LEN-IDEA-15-2023,레노보 아이디어패드 15,IT기기,컴퓨터,노트북,2031-07-03,15570
1,본사창고,1,WM-MIE-DRUM-9K-2023,미iele 드럼 9kg,가전제품,생활가전,세탁기,2031-05-29,7115
1,본사창고,8,VAC-DYS-V11-2024,다이슨 V11,가전제품,생활가전,청소기,2028-11-03,4295
1,본사창고,2,WM-MIE-DRUM-9K-2023,미iele 드럼 9kg,가전제품,생활가전,세탁기,2030-01-25,1399
1,본사창고,8,RTR-ASU-AX6000-2024,아수스 AX6000,IT기기,주변기기,라우터,2031-07-24,12913
1,본사창고,2,MW-CK-23L-2024,쿠쿠 23L,주방가전,주방가전,전자레인지,2029-03-23,1971
1,본사창고,6,PHN-APL-IP15-128-2024,아이폰 15 128GB,IT기기,모바일,스마트폰,2027-03-25,1822
1,본사창고,8,DW-LG-12P-2024,LG 식기세척기 12인,주방가전,주방가전,식기세척기,2029-08-10,3227
1,본사창고,4,MON-LG-27QHD-2024,LG 27인치 QHD,IT기기,컴퓨터,모니터,2028-01-13,2274
1,본사창고,2,AIR-LG-PURI-58-2024,LG 퓨리케어 58㎡,가전제품,계절가전,공기청정기,2029-07-06,9207
1,본사창고,8,AC-LG-WS-6P-2024,LG 벽걸이 6평,가전제품,계절가전,에어컨,2027-05-27,1149
1,본사창고,9,FR-CAR-2D-300L-2023,캐리어 2도어 300L,가전제품,생활가전,냉장고,2027-06-17,1573
1,본사창고,7,TV-LG-LED-55-2023,"LG LED 55""",가전제품,영상가전,TV,2032-01-01,2678
1,본사창고,5,PHN-XIA-RED-128-2024,샤오미 Redmi 128GB,IT기기,모바일,스마트폰,2027-01-28,1810
1,본사창고,3,WM-WIN-DRUM-20K-2023,위니아 드럼 20kg,가전제품,생활가전,세탁기,2029-08-24,3250
1,본사창고,4,MON-SAM-32UHD-2024,삼성 32인치 4K,IT기기,컴퓨터,모니터,2029-03-16,3595
1,본사창고,6,VAC-SAM-JET-2024,삼성 제트,가전제품,생활가전,청소기,2029-11-09,2250
1,본사창고,2,DRY-SAM-GRN-20K-2024,삼성 그랑데 건조기 20kg,가전제품,생활가전,건조기,2027-10-21,6870
1,본사창고,10,MIX-BRV-STAND-5L-2024,브레빌 스탠드믹서 5L,주방가전,소형가전,믹서기,2031-10-09,19002
1,본사창고,10,AC-LG-WS-6P-2024,LG 벽걸이 6평,가전제품,계절가전,에어컨,2029-05-18,1352
1,본사창고,8,NBK-LEN-IDEA-15-2023,레노보 아이디어패드 15,IT기기,컴퓨터,노트북,2029-08-24,5593
1,본사창고,2,OV-LG-70L-2024,LG 빌트인 오븐 70L,주방가전,주방가전,오븐,2027-10-21,4753
1,본사창고,3,NBK-SAM-GALAXY-15-2024,삼성 갤럭시북 15,IT기기,컴퓨터,노트북,2030-09-12,10296
1,본사창고,8,PRN-CAN-INK-2024,캐논 잉크젯,IT기기,주변기기,프린터,2027-02-25,3070
1,본사창고,7,FR-CAR-2D-300L-2023,캐리어 2도어 300L,가전제품,생활가전,냉장고,2028-07-07,1559
1,본사창고,10,RTR-ASU-AX6000-2024,아수스 AX6000,IT기기,주변기기,라우터,2029-08-10,4988
1,본사창고,1,PRN-CAN-INK-2024,캐논 잉크젯,IT기기,주변기기,프린터,2029-04-13,2776
1,본사창고,1,MW-SAM-30L-2024,삼성 전자레인지 30L,주방가전,주방가전,전자레인지,2030-06-06,7227
1,본사창고,8,DW-SAM-12P-2024,삼성 식기세척기 12인,주방가전,주방가전,식기세척기,2027-04-01,5539
1,본사창고,5,WM-LG-TOP-21K-2024,LG 통돌이 21kg,가전제품,생활가전,세탁기,2029-10-26,5507
1,본사창고,3,MON-SAM-32UHD-2024,삼성 32인치 4K,IT기기,컴퓨터,모니터,2029-02-16,2783
1,본사창고,8,WM-SAM-GRN-24K-2024,삼성 그랑데 24kg,가전제품,생활가전,세탁기,2031-12-25,6988
1,본사창고,9,DES-LEN-THINK-2024,레노보 씽크센터,IT기기,컴퓨터,데스크탑,2028-11-24,4498
1,본사창고,8,RTR-NET-AX5400-2024,넷기어 AX5400,IT기기,주변기기,라우터,2029-07-06,5376
1,본사창고,2,DRY-LG-TROM-19K-2024,LG 트롬 건조기 19kg,가전제품,생활가전,건조기,2028-03-24,5574
1,본사창고,6,RTR-NET-AX5400-2024,넷기어 AX5400,IT기기,주변기기,라우터,2028-08-25,3483
1,본사창고,5,VAC-XIA-ROBO-2024,샤오미 로봇청소기,가전제품,생활가전,청소기,2031-07-10,6973
1,본사창고,2,TV-LG-LED-55-2023,"LG LED 55""",가전제품,영상가전,TV,2029-02-16,2010
1,본사창고,1,NBK-LEN-IDEA-15-2023,레노보 아이디어패드 15,IT기기,컴퓨터,노트북,2032-01-01,5863
1,본사창고,8,WM-WIN-DRUM-20K-2023,위니아 드럼 20kg,가전제품,생활가전,세탁기,2030-01-04,2066
1,본사창고,2,DRY-LG-TROM-19K-2024,LG 트롬 건조기 19kg,가전제품,생활가전,건조기,2027-12-30,3520
1,본사창고,2,WAT-SAM-GAL-45-2024,갤럭시 워치 45mm,IT기기,모바일,스마트워치,2029-07-27,6076
1,본사창고,6,PHN-SAM-S24-256-2024,갤럭시 S24 256GB,IT기기,모바일,스마트폰,2028-12-22,1572
1,본사창고,4,PRN-HP-LASER-2024,HP 레이저프린터,IT기기,주변기기,프린터,2028-02-17,2842
1,본사창고,8,DW-LG-12P-2024,LG 식기세척기 12인,주방가전,주방가전,식기세척기,2030-04-04,7444
1,본사창고,4,WAT-SAM-GAL-45-2024,갤럭시 워치 45mm,IT기기,모바일,스마트워치,2027-04-01,2826
1,본사창고,10,AIR-LG-PURI-58-2024,LG 퓨리케어 58㎡,가전제품,계절가전,공기청정기,2030-11-21,9592
1,본사창고,1,TOA-BRN-2S-2024,브라운 토스터 2구,주방가전,소형가전,토스터기,2028-08-04,3004
1,본사창고,10,WM-MIE-DRUM-9K-2023,미iele 드럼 9kg,가전제품,생활가전,세탁기,2028-10-06,1983
1,본사창고,9,DRY-SAM-GRN-20K-2024,삼성 그랑데 건조기 20kg,가전제품,생활가전,건조기,2031-08-14,14032
1,본사창고,6,WAT-SAM-GAL-45-2024,갤럭시 워치 45mm,IT기기,모바일,스마트워치,2027-04-22,3097
1,본사창고,10,AC-LG-STAND-18P-2024,LG 휘센 스탠드 18평,가전제품,계절가전,에어컨,2031-10-23,12741
1,본사창고,10,FR-WIN-3D-650L-2023,위니아 3도어 650L,가전제품,생활가전,냉장고,2027-12-16,1422
1,본사창고,8,AIR-LG-PURI-58-2024,LG 퓨리케어 58㎡,가전제품,계절가전,공기청정기,2029-03-23,6821
1,본사창고,7,DW-LG-12P-2024,LG 식기세척기 12인,주방가전,주방가전,식기세척기,2031-12-25,3086
1,본사창고,7,OV-LG-70L-2024,LG 빌트인 오븐 70L,주방가전,주방가전,오븐,2031-11-27,7881
1,본사창고,8,COF-BRV-SEMI-2024,브레빌 반자동,주방가전,소형가전,커피머신,2027-12-23,2633
1,본사창고,7,WAT-APL-AW-41-2024,애플 워치 41mm,IT기기,모바일,스마트워치,2030-02-22,2445
1,본사창고,6,WAT-SAM-GAL-45-2024,갤럭시 워치 45mm,IT기기,모바일,스마트워치,2028-11-03,2877
1,본사창고,1,DES-HP-STD-2024,HP 데스크탑,IT기기,컴퓨터,데스크탑,2028-02-10,2690
1,본사창고,6,WM-SAM-GRN-24K-2024,삼성 그랑데 24kg,가전제품,생활가전,세탁기,2029-12-21,2013
1,본사창고,9,TOA-BRN-2S-2024,브라운 토스터 2구,주방가전,소형가전,토스터기,2030-09-19,5665
1,본사창고,8,DW-LG-12P-2024,LG 식기세척기 12인,주방가전,주방가전,식기세척기,2031-01-23,7646
1,본사창고,2,OV-LG-70L-2024,LG 빌트인 오븐 70L,주방가전,주방가전,오븐,2031-10-30,16457
1,본사창고,6,PRN-HP-LASER-2024,HP 레이저프린터,IT기기,주변기기,프린터,2028-01-13,1963
1,본사창고,4,WM-SAM-GRN-24K-2024,삼성 그랑데 24kg,가전제품,생활가전,세탁기,2028-05-19,5853
1,본사창고,7,PRN-HP-LASER-2024,HP 레이저프린터,IT기기,주변기기,프린터,2029-03-02,1680
1,본사창고,1,MIX-CUI-HAND-2024,쿠진아트 핸드블렌더,주방가전,소형가전,믹서기,2028-10-13,0
1,본사창고,6,DES-HP-STD-2024,HP 데스크탑,IT기기,컴퓨터,데스크탑,2030-07-18,4529
1,본사창고,9,OV-CK-45L-2024,쿠첸 45L,주방가전,주방가전,오븐,2030-08-01,6035
1,본사창고,10,DRY-WHP-10K-2023,위프로 10kg,가전제품,생활가전,건조기,2029-06-29,2408
1,본사창고,3,WM-SAM-GRN-24K-2024,삼성 그랑데 24kg,가전제품,생활가전,세탁기,2031-11-27,10610
1,본사창고,2,VAC-ROB-I7-2023,아이로봇 i7,가전제품,생활가전,청소기,2027-06-24,4649
1,본사창고,2,FR-LG-OBJ-820L-2024,LG 오브제 4도어 820L,가전제품,생활가전,냉장고,2027-10-21,5693
1,본사창고,5,DRY-SAM-GRN-20K-2024,삼성 그랑데 건조기 20kg,가전제품,생활가전,건조기,2027-09-09,4991
1,본사창고,1,DRY-SAM-GRN-20K-2024,삼성 그랑데 건조기 20kg,가전제품,생활가전,건조기,2029-06-08,8759
1,본사창고,5,PRN-BRO-LASER-2024,브라더 레이저,IT기기,주변기기,프린터,2028-03-31,2615
1,본사창고,5,AIR-WNX-56-2024,위닉스 56㎡,가전제품,계절가전,공기청정기,2031-09-04,8075
1,본사창고,10,MON-SAM-32UHD-2024,삼성 32인치 4K,IT기기,컴퓨터,모니터,2031-02-13,6064
1,본사창고,6,WM-SAM-GRN-24K-2024,삼성 그랑데 24kg,가전제품,생활가전,세탁기,2027-09-30,3629
1,본사창고,7,TOA-BRN-2S-2024,브라운 토스터 2구,주방가전,소형가전,토스터기,2027-07-08,2928
1,본사창고,9,DES-HP-STD-2024,HP 데스크탑,IT기기,컴퓨터,데스크탑,2028-06-16,5663
1,본사창고,8,AIR-LG-PURI-58-2024,LG 퓨리케어 58㎡,가전제품,계절가전,공기청정기,2030-09-05,11163
1,본사창고,8,TV-LG-LED-55-2023,"LG LED 55""",가전제품,영상가전,TV,2027-05-27,2208
1,본사창고,5,AIR-LG-PURI-58-2024,LG 퓨리케어 58㎡,가전제품,계절가전,공기청정기,2027-04-01,2954
1,본사창고,8,TV-SAM-QLED-65-2024,"삼성 QLED 65""",가전제품,영상가전,TV,2031-07-03,15069
1,본사창고,1,NBK-LEN-IDEA-15-2023,레노보 아이디어패드 15,IT기기,컴퓨터,노트북,2030-07-18,5782
1,본사창고,8,MW-LG-25L-2024,LG 전자레인지 25L,주방가전,주방가전,전자레인지,2030-03-28,5852
1,본사창고,3,NBK-SAM-GALAXY-15-2024,삼성 갤럭시북 15,IT기기,컴퓨터,노트북,2028-06-16,5253
1,본사창고,1,MW-SAM-30L-2024,삼성 전자레인지 30L,주방가전,주방가전,전자레인지,2027-11-25,4689
1,본사창고,3,RTR-TPL-AX3000-2024,티피링크 AX3000,IT기기,주변기기,라우터,2028-09-01,5416
1,본사창고,5,TOA-BRN-2S-2024,브라운 토스터 2구,주방가전,소형가전,토스터기,2031-10-16,8400
1,본사창고,10,VAC-SAM-JET-2024,삼성 제트,가전제품,생활가전,청소기,2031-08-28,7795
1,본사창고,6,DRY-WHP-10K-2023,위프로 10kg,가전제품,생활가전,건조기,2028-11-17,1144
1,본사창고,4,COF-BRV-SEMI-2024,브레빌 반자동,주방가전,소형가전,커피머신,2028-12-15,2318
1,본사창고,7,AIR-XIA-52-2024,샤오미 52㎡,가전제품,계절가전,공기청정기,2027-02-11,1477
1,본사창고,6,WAT-APL-AW-41-2024,애플 워치 41mm,IT기기,모바일,스마트워치,2029-04-06,2979
1,본사창고,7,AC-LG-STAND-18P-2024,LG 휘센 스탠드 18평,가전제품,계절가전,에어컨,2032-01-01,7670
1,본사창고,1,TV-LG-LED-55-2023,"LG LED 55""",가전제품,영상가전,TV,2028-03-31,1288
1,본사창고,4,AIR-XIA-52-2024,샤오미 52㎡,가전제품,계절가전,공기청정기,2027-07-08,2244
1,본사창고,9,MON-LG-27QHD-2024,LG 27인치 QHD,IT기기,컴퓨터,모니터,2027-04-22,4074
1,본사창고,3,AC-CAR-16P-2024,캐리어 16평,가전제품,계절가전,에어컨,2030-09-12,7198
1,본사창고,5,TOA-PHI-2S-2024,필립스 토스터 2구,주방가전,소형가전,토스터기,2028-04-14,3094
1,본사창고,2,DRY-LG-TROM-19K-2024,LG 트롬 건조기 19kg,가전제품,생활가전,건조기,2029-01-12,4525
1,본사창고,10,COF-BRV-SEMI-2024,브레빌 반자동,주방가전,소형가전,커피머신,2029-03-23,4220
1,본사창고,9,VAC-ROB-I7-2023,아이로봇 i7,가전제품,생활가전,청소기,2030-08-01,7970
1,본사창고,4,OV-LG-70L-2024,LG 빌트인 오븐 70L,주방가전,주방가전,오븐,2031-06-26,15683
1,본사창고,8,MIX-BRV-STAND-5L-2024,브레빌 스탠드믹서 5L,주방가전,소형가전,믹서기,2030-11-14,14804
1,본사창고,3,DRY-LG-TROM-19K-2024,LG 트롬 건조기 19kg,가전제품,생활가전,건조기,2028-03-31,5905
1,본사창고,4,DES-LEN-THINK-2024,레노보 씽크센터,IT기기,컴퓨터,데스크탑,2028-04-21,4610
1,본사창고,7,NBK-LEN-IDEA-15-2023,레노보 아이디어패드 15,IT기기,컴퓨터,노트북,2028-08-04,2931
1,본사창고,10,FR-SAM-4D-820L-2024,삼성 비스포크 4도어 820L,가전제품,생활가전,냉장고,2031-10-30,15633
1,본사창고,8,RTR-ASU-AX6000-2024,아수스 AX6000,IT기기,주변기기,라우터,2030-01-04,3026
1,본사창고,9,FR-LG-OBJ-820L-2024,LG 오브제 4도어 820L,가전제품,생활가전,냉장고,2027-06-24,5042
1,본사창고,10,TOA-BRN-2S-2024,브라운 토스터 2구,주방가전,소형가전,토스터기,2029-03-16,5257
1,본사창고,1,MON-LG-27QHD-2024,LG 27인치 QHD,IT기기,컴퓨터,모니터,2028-12-22,3082
1,본사창고,5,WM-LG-TOP-21K-2024,LG 통돌이 21kg,가전제품,생활가전,세탁기,2031-03-06,8538
1,본사창고,9,TV-SAM-QLED-65-2024,"삼성 QLED 65""",가전제품,영상가전,TV,2029-02-02,4963
1,본사창고,4,PRN-BRO-LASER-2024,브라더 레이저,IT기기,주변기기,프린터,2028-05-05,3960
1,본사창고,5,RTR-TPL-AX3000-2024,티피링크 AX3000,IT기기,주변기기,라우터,2028-12-01,3213
1,본사창고,8,WAT-SAM-GAL-45-2024,갤럭시 워치 45mm,IT기기,모바일,스마트워치,2028-07-21,6680
1,본사창고,8,AIR-SAM-60-2024,삼성 블루스카이 60㎡,가전제품,계절가전,공기청정기,2029-01-12,2313
1,본사창고,3,OV-SAM-72L-2024,삼성 빌트인 오븐 72L,주방가전,주방가전,오븐,2028-04-21,4004
1,본사창고,9,PRN-BRO-LASER-2024,브라더 레이저,IT기기,주변기기,프린터,2027-04-29,3205
1,본사창고,10,PHN-XIA-RED-128-2024,샤오미 Redmi 128GB,IT기기,모바일,스마트폰,2031-07-31,16563
1,본사창고,7,MON-SAM-32UHD-2024,삼성 32인치 4K,IT기기,컴퓨터,모니터,2027-09-02,2416
1,본사창고,5,PRN-HP-LASER-2024,HP 레이저프린터,IT기기,주변기기,프린터,2027-09-23,1866
1,본사창고,8,TOA-BRN-2S-2024,브라운 토스터 2구,주방가전,소형가전,토스터기,2030-10-03,6115
1,본사창고,1,RTR-ASU-AX6000-2024,아수스 AX6000,IT기기,주변기기,라우터,2028-11-24,4074
1,본사창고,2,MW-DAE-25L-2023,대우 25L,주방가전,주방가전,전자레인지,2031-01-02,1430
1,본사창고,2,COF-DEL-AUTO-2024,드롱기 전자동,주방가전,소형가전,커피머신,2028-08-18,4215
1,본사창고,4,DRY-SAM-GRN-20K-2024,삼성 그랑데 건조기 20kg,가전제품,생활가전,건조기,2031-02-13,9666
1,본사창고,1,RTR-TPL-AX3000-2024,티피링크 AX3000,IT기기,주변기기,라우터,2028-02-24,2379
1,본사창고,3,AIR-LG-PURI-58-2024,LG 퓨리케어 58㎡,가전제품,계절가전,공기청정기,2027-12-02,4929
1,본사창고,1,TOA-BRN-2S-2024,브라운 토스터 2구,주방가전,소형가전,토스터기,2029-12-28,2105
1,본사창고,7,TV-LG-OLED-65-2024,"LG OLED 65""",가전제품,영상가전,TV,2027-05-27,3508
1,본사창고,2,TV-LG-LED-55-2023,"LG LED 55""",가전제품,영상가전,TV,2027-07-01,2617
1,본사창고,4,PRN-HP-LASER-2024,HP 레이저프린터,IT기기,주변기기,프린터,2027-05-13,3520
1,본사창고,1,NBK-LG-GRAM-16-2024,LG 그램 16,IT기기,컴퓨터,노트북,2030-05-02,5541
1,본사창고,1,VAC-ROB-I7-2023,아이로봇 i7,가전제품,생활가전,청소기,2027-11-11,2889
1,본사창고,8,VAC-SAM-JET-2024,삼성 제트,가전제품,생활가전,청소기,2031-05-22,11549
1,본사창고,1,MON-LG-27QHD-2024,LG 27인치 QHD,IT기기,컴퓨터,모니터,2028-07-28,3923
1,본사창고,10,RTR-ASU-AX6000-2024,아수스 AX6000,IT기기,주변기기,라우터,2031-10-30,9530
1,본사창고,5,NBK-SAM-GALAXY-15-2024,삼성 갤럭시북 15,IT기기,컴퓨터,노트북,2031-06-26,6950
1,본사창고,1,DRY-SAM-GRN-20K-2024,삼성 그랑데 건조기 20kg,가전제품,생활가전,건조기,2027-09-30,4911
1,본사창고,1,MW-CK-23L-2024,쿠쿠 23L,주방가전,주방가전,전자레인지,2027-10-14,2451
1,본사창고,2,FR-SAM-4D-820L-2024,삼성 비스포크 4도어 820L,가전제품,생활가전,냉장고,2031-07-10,23435
1,본사창고,5,TV-XIA-LED-50-2024,"샤오미 50""",가전제품,영상가전,TV,2031-09-18,4816
1,본사창고,2,DRY-WHP-10K-2023,위프로 10kg,가전제품,생활가전,건조기,2030-03-07,3114
1,본사창고,3,MW-DAE-25L-2023,대우 25L,주방가전,주방가전,전자레인지,2030-05-23,3040
1,본사창고,4,AIR-LG-PURI-58-2024,LG 퓨리케어 58㎡,가전제품,계절가전,공기청정기,2028-04-14,6475
1,본사창고,7,OV-CK-45L-2024,쿠첸 45L,주방가전,주방가전,오븐,2031-10-09,2076
1,본사창고,3,MW-CK-23L-2024,쿠쿠 23L,주방가전,주방가전,전자레인지,2028-12-08,1787
1,본사창고,1,WM-LG-TOP-21K-2024,LG 통돌이 21kg,가전제품,생활가전,세탁기,2028-06-09,5994
1,본사창고,4,RTR-TPL-AX3000-2024,티피링크 AX3000,IT기기,주변기기,라우터,2030-06-13,7076
1,본사창고,10,PHN-APL-IP15-128-2024,아이폰 15 128GB,IT기기,모바일,스마트폰,2031-11-20,10944
1,본사창고,9,AIR-SAM-60-2024,삼성 블루스카이 60㎡,가전제품,계절가전,공기청정기,2029-04-20,1519
1,본사창고,6,WM-MIE-DRUM-9K-2023,미iele 드럼 9kg,가전제품,생활가전,세탁기,2027-01-14,883
1,본사창고,9,MW-SAM-30L-2024,삼성 전자레인지 30L,주방가전,주방가전,전자레인지,2031-04-10,17060
1,본사창고,3,NBK-LEN-IDEA-15-2023,레노보 아이디어패드 15,IT기기,컴퓨터,노트북,2030-12-12,4525
1,본사창고,8,TOA-PHI-2S-2024,필립스 토스터 2구,주방가전,소형가전,토스터기,2031-07-31,11378
1,본사창고,5,MON-LG-27QHD-2024,LG 27인치 QHD,IT기기,컴퓨터,모니터,2031-12-25,3479
1,본사창고,3,WM-WIN-DRUM-20K-2023,위니아 드럼 20kg,가전제품,생활가전,세탁기,2028-06-30,3836
1,본사창고,1,AIR-LG-PURI-58-2024,LG 퓨리케어 58㎡,가전제품,계절가전,공기청정기,2029-07-06,5636
1,본사창고,1,DW-LG-12P-2024,LG 식기세척기 12인,주방가전,주방가전,식기세척기,2031-01-30,3525
1,본사창고,10,DW-SKM-8P-2024,SK매직 8인,주방가전,주방가전,식기세척기,2030-05-16,5961
1,본사창고,6,NBK-LEN-IDEA-15-2023,레노보 아이디어패드 15,IT기기,컴퓨터,노트북,2028-08-18,2576
1,본사창고,4,DES-HP-STD-2024,HP 데스크탑,IT기기,컴퓨터,데스크탑,2031-12-25,6519
1,본사창고,3,AIR-XIA-52-2024,샤오미 52㎡,가전제품,계절가전,공기청정기,2030-12-19,3750
1,본사창고,3,COF-NES-CAPS-2024,네스프레소 캡슐,주방가전,소형가전,커피머신,2031-11-27,8500
1,본사창고,7,OV-LG-70L-2024,LG 빌트인 오븐 70L,주방가전,주방가전,오븐,2028-06-30,4283
1,본사창고,5,COF-DEL-AUTO-2024,드롱기 전자동,주방가전,소형가전,커피머신,2030-01-18,1533
1,본사창고,8,RTR-NET-AX5400-2024,넷기어 AX5400,IT기기,주변기기,라우터,2030-06-27,8055
1,본사창고,10,FR-WIN-3D-650L-2023,위니아 3도어 650L,가전제품,생활가전,냉장고,2030-10-31,5735
1,본사창고,8,FR-CAR-2D-300L-2023,캐리어 2도어 300L,가전제품,생활가전,냉장고,2029-03-02,2158
1,본사창고,5,MIX-BRV-STAND-5L-2024,브레빌 스탠드믹서 5L,주방가전,소형가전,믹서기,2027-12-02,4824
1,본사창고,2,DW-LG-12P-2024,LG 식기세척기 12인,주방가전,주방가전,식기세척기,2027-04-29,3390
1,본사창고,9,AC-SAM-WF-18P-2024,삼성 무풍 18평,가전제품,계절가전,에어컨,2029-10-12,4167
1,본사창고,10,AC-CAR-16P-2024,캐리어 16평,가전제품,계절가전,에어컨,2032-01-01,7399
1,본사창고,6,WM-WIN-DRUM-20K-2023,위니아 드럼 20kg,가전제품,생활가전,세탁기,2029-08-03,2591
1,본사창고,7,COF-DEL-AUTO-2024,드롱기 전자동,주방가전,소형가전,커피머신,2027-01-21,1735
1,본사창고,10,PHN-XIA-RED-128-2024,샤오미 Redmi 128GB,IT기기,모바일,스마트폰,2028-10-20,4251
1,본사창고,8,NBK-LEN-IDEA-15-2023,레노보 아이디어패드 15,IT기기,컴퓨터,노트북,2029-10-05,4068
1,본사창고,5,WM-LG-TOP-21K-2024,LG 통돌이 21kg,가전제품,생활가전,세탁기,2029-02-02,3274
1,본사창고,9,VAC-ROB-I7-2023,아이로봇 i7,가전제품,생활가전,청소기,2031-07-31,9762
1,본사창고,10,WM-MIE-DRUM-9K-2023,미iele 드럼 9kg,가전제품,생활가전,세탁기,2030-03-14,2101
1,본사창고,1,OV-LG-70L-2024,LG 빌트인 오븐 70L,주방가전,주방가전,오븐,2029-10-26,4192
1,본사창고,5,DES-SAM-STD-2024,삼성 데스크탑,IT기기,컴퓨터,데스크탑,2027-09-02,2197
1,본사창고,7,VAC-XIA-ROBO-2024,샤오미 로봇청소기,가전제품,생활가전,청소기,2028-03-17,1771
1,본사창고,10,TOA-BRN-2S-2024,브라운 토스터 2구,주방가전,소형가전,토스터기,2029-12-14,3506
1,본사창고,6,COF-BRV-SEMI-2024,브레빌 반자동,주방가전,소형가전,커피머신,2028-07-28,2830
1,본사창고,9,MIX-BRV-STAND-5L-2024,브레빌 스탠드믹서 5L,주방가전,소형가전,믹서기,2027-03-04,5638
1,본사창고,4,AIR-WNX-56-2024,위닉스 56㎡,가전제품,계절가전,공기청정기,2030-06-06,8291
1,본사창고,6,RTR-NET-AX5400-2024,넷기어 AX5400,IT기기,주변기기,라우터,2031-07-10,5487
1,본사창고,2,MW-SAM-30L-2024,삼성 전자레인지 30L,주방가전,주방가전,전자레인지,2027-12-30,5159
1,본사창고,2,FR-LG-OBJ-820L-2024,LG 오브제 4도어 820L,가전제품,생활가전,냉장고,2029-12-21,5613
1,본사창고,10,PRN-CAN-INK-2024,캐논 잉크젯,IT기기,주변기기,프린터,2027-06-10,4112
1,본사창고,2,RTR-TPL-AX3000-2024,티피링크 AX3000,IT기기,주변기기,라우터,2028-03-24,4118
1,본사창고,5,WAT-SAM-GAL-45-2024,갤럭시 워치 45mm,IT기기,모바일,스마트워치,2029-11-09,3888
1,본사창고,4,WM-LG-TOP-21K-2024,LG 통돌이 21kg,가전제품,생활가전,세탁기,2027-09-16,4897
1,본사창고,8,DES-LEN-THINK-2024,레노보 씽크센터,IT기기,컴퓨터,데스크탑,2028-06-02,4803
1,본사창고,6,TV-XIA-LED-50-2024,"샤오미 50""",가전제품,영상가전,TV,2030-07-04,3289
1,본사창고,6,AIR-LG-PURI-58-2024,LG 퓨리케어 58㎡,가전제품,계절가전,공기청정기,2031-11-27,7913
1,본사창고,2,TOA-PHI-2S-2024,필립스 토스터 2구,주방가전,소형가전,토스터기,2029-01-19,3001
1,본사창고,7,MIX-CUI-HAND-2024,쿠진아트 핸드블렌더,주방가전,소형가전,믹서기,2027-05-20,0
1,본사창고,2,OV-SAM-72L-2024,삼성 빌트인 오븐 72L,주방가전,주방가전,오븐,2030-05-09,6947
1,본사창고,6,AC-CAR-16P-2024,캐리어 16평,가전제품,계절가전,에어컨,2030-01-04,2126
1,본사창고,6,PHN-APL-IP15-128-2024,아이폰 15 128GB,IT기기,모바일,스마트폰,2030-12-05,3318
1,본사창고,6,NBK-LEN-IDEA-15-2023,레노보 아이디어패드 15,IT기기,컴퓨터,노트북,2031-11-20,7805
1,본사창고,4,VAC-XIA-ROBO-2024,샤오미 로봇청소기,가전제품,생활가전,청소기,2028-12-29,2692
1,본사창고,8,FR-SAM-4D-820L-2024,삼성 비스포크 4도어 820L,가전제품,생활가전,냉장고,2028-09-15,8140
1,본사창고,7,AIR-WNX-56-2024,위닉스 56㎡,가전제품,계절가전,공기청정기,2029-03-16,3667
1,본사창고,3,NBK-SAM-GALAXY-15-2024,삼성 갤럭시북 15,IT기기,컴퓨터,노트북,2031-02-06,9439
1,본사창고,7,DES-LEN-THINK-2024,레노보 씽크센터,IT기기,컴퓨터,데스크탑,2028-10-13,2692
1,본사창고,4,PHN-XIA-RED-128-2024,샤오미 Redmi 128GB,IT기기,모바일,스마트폰,2029-04-27,5384
1,본사창고,7,NBK-SAM-GALAXY-15-2024,삼성 갤럭시북 15,IT기기,컴퓨터,노트북,2028-05-05,2847
1,본사창고,6,PRN-CAN-INK-2024,캐논 잉크젯,IT기기,주변기기,프린터,2027-10-21,2069
1,본사창고,9,FR-LG-OBJ-820L-2024,LG 오브제 4도어 820L,가전제품,생활가전,냉장고,2028-11-03,3867
1,본사창고,1,COF-NES-CAPS-2024,네스프레소 캡슐,주방가전,소형가전,커피머신,2029-05-11,4730
1,본사창고,8,DW-SAM-12P-2024,삼성 식기세척기 12인,주방가전,주방가전,식기세척기,2027-06-17,6730
1,본사창고,8,AC-LG-WS-6P-2024,LG 벽걸이 6평,가전제품,계절가전,에어컨,2027-03-04,1155
1,본사창고,10,MW-SAM-30L-2024,삼성 전자레인지 30L,주방가전,주방가전,전자레인지,2027-09-23,3973
1,본사창고,3,PHN-XIA-RED-128-2024,샤오미 Redmi 128GB,IT기기,모바일,스마트폰,2028-05-19,4519
1,본사창고,4,DRY-WIN-17K-2023,위니아 17kg,가전제품,생활가전,건조기,2027-03-11,1693
1,본사창고,5,MW-DAE-25L-2023,대우 25L,주방가전,주방가전,전자레인지,2027-03-25,722
1,본사창고,2,DW-SKM-8P-2024,SK매직 8인,주방가전,주방가전,식기세척기,2028-05-12,4469
1,본사창고,3,VAC-XIA-ROBO-2024,샤오미 로봇청소기,가전제품,생활가전,청소기,2029-07-20,4642
1,본사창고,10,COF-DEL-AUTO-2024,드롱기 전자동,주방가전,소형가전,커피머신,2028-11-10,3437
1,본사창고,4,AIR-WNX-56-2024,위닉스 56㎡,가전제품,계절가전,공기청정기,2028-10-13,4295
1,본사창고,5,RTR-NET-AX5400-2024,넷기어 AX5400,IT기기,주변기기,라우터,2028-12-22,1527
1,본사창고,8,FR-CAR-2D-300L-2023,캐리어 2도어 300L,가전제품,생활가전,냉장고,2030-12-26,2154
1,본사창고,6,PHN-APL-IP15-128-2024,아이폰 15 128GB,IT기기,모바일,스마트폰,2029-02-16,2483
1,본사창고,6,PRN-BRO-LASER-2024,브라더 레이저,IT기기,주변기기,프린터,2031-12-11,5031
1,본사창고,2,WAT-APL-AW-41-2024,애플 워치 41mm,IT기기,모바일,스마트워치,2027-08-19,4728
1,본사창고,3,DES-SAM-STD-2024,삼성 데스크탑,IT기기,컴퓨터,데스크탑,2027-04-29,3485
1,본사창고,6,AIR-XIA-52-2024,샤오미 52㎡,가전제품,계절가전,공기청정기,2028-09-29,2175
1,본사창고,2,MW-SAM-30L-2024,삼성 전자레인지 30L,주방가전,주방가전,전자레인지,2029-12-14,5005
1,본사창고,3,DES-HP-STD-2024,HP 데스크탑,IT기기,컴퓨터,데스크탑,2027-11-25,3563
1,본사창고,2,AIR-WNX-56-2024,위닉스 56㎡,가전제품,계절가전,공기청정기,2028-06-30,4453
1,본사창고,2,TV-LG-LED-55-2023,"LG LED 55""",가전제품,영상가전,TV,2030-04-11,3605
1,본사창고,9,WM-SAM-GRN-24K-2024,삼성 그랑데 24kg,가전제품,생활가전,세탁기,2030-02-08,5030
1,본사창고,4,VAC-SAM-JET-2024,삼성 제트,가전제품,생활가전,청소기,2031-02-06,5492
1,본사창고,6,VAC-ROB-I7-2023,아이로봇 i7,가전제품,생활가전,청소기,2028-01-13,2311
1,본사창고,1,MW-DAE-25L-2023,대우 25L,주방가전,주방가전,전자레인지,2030-06-13,2886
1,본사창고,1,MIX-BRV-STAND-5L-2024,브레빌 스탠드믹서 5L,주방가전,소형가전,믹서기,2028-06-09,7898
1,본사창고,10,MON-LG-27QHD-2024,LG 27인치 QHD,IT기기,컴퓨터,모니터,2031-04-03,10019
1,본사창고,10,COF-NES-CAPS-2024,네스프레소 캡슐,주방가전,소형가전,커피머신,2031-10-16,8150
1,본사창고,6,PHN-SAM-S24-256-2024,갤럭시 S24 256GB,IT기기,모바일,스마트폰,2027-06-03,3034
1,본사창고,4,TV-LG-OLED-65-2024,"LG OLED 65""",가전제품,영상가전,TV,2031-07-03,12866
1,본사창고,1,MW-LG-25L-2024,LG 전자레인지 25L,주방가전,주방가전,전자레인지,2031-05-29,12278
1,본사창고,9,PHN-XIA-RED-128-2024,샤오미 Redmi 128GB,IT기기,모바일,스마트폰,2029-11-16,4005
1,본사창고,5,MW-CK-23L-2024,쿠쿠 23L,주방가전,주방가전,전자레인지,2029-08-24,1725
1,본사창고,3,TOA-BRN-2S-2024,브라운 토스터 2구,주방가전,소형가전,토스터기,2030-01-11,2643
1,본사창고,7,WM-WIN-DRUM-20K-2023,위니아 드럼 20kg,가전제품,생활가전,세탁기,2030-02-22,1262
1,본사창고,8,WAT-APL-AW-41-2024,애플 워치 41mm,IT기기,모바일,스마트워치,2028-02-24,3488
1,본사창고,9,MON-SAM-32UHD-2024,삼성 32인치 4K,IT기기,컴퓨터,모니터,2031-07-31,12985
1,본사창고,4,RTR-TPL-AX3000-2024,티피링크 AX3000,IT기기,주변기기,라우터,2029-04-27,2688
1,본사창고,1,COF-BRV-SEMI-2024,브레빌 반자동,주방가전,소형가전,커피머신,2030-05-02,6422
1,본사창고,8,PHN-SAM-S24-256-2024,갤럭시 S24 256GB,IT기기,모바일,스마트폰,2029-10-05,3817
1,본사창고,1,FR-WIN-3D-650L-2023,위니아 3도어 650L,가전제품,생활가전,냉장고,2028-12-08,1613
1,본사창고,6,MW-SAM-30L-2024,삼성 전자레인지 30L,주방가전,주방가전,전자레인지,2027-12-02,3304
1,본사창고,8,AC-SAM-WF-18P-2024,삼성 무풍 18평,가전제품,계절가전,에어컨,2031-06-05,10683
1,본사창고,3,AIR-LG-PURI-58-2024,LG 퓨리케어 58㎡,가전제품,계절가전,공기청정기,2028-03-03,6853
1,본사창고,8,COF-DEL-AUTO-2024,드롱기 전자동,주방가전,소형가전,커피머신,2031-06-19,14383
1,본사창고,9,VAC-XIA-ROBO-2024,샤오미 로봇청소기,가전제품,생활가전,청소기,2027-08-19,4662
1,본사창고,4,COF-NES-CAPS-2024,네스프레소 캡슐,주방가전,소형가전,커피머신,2031-03-27,7880
1,본사창고,10,DW-SAM-12P-2024,삼성 식기세척기 12인,주방가전,주방가전,식기세척기,2028-02-24,5313
1,본사창고,5,RTR-NET-AX5400-2024,넷기어 AX5400,IT기기,주변기기,라우터,2028-09-01,2667
1,본사창고,3,OV-LG-70L-2024,LG 빌트인 오븐 70L,주방가전,주방가전,오븐,2027-10-21,4009
1,본사창고,5,DES-HP-STD-2024,HP 데스크탑,IT기기,컴퓨터,데스크탑,2030-10-03,4035
1,본사창고,3,DW-LG-12P-2024,LG 식기세척기 12인,주방가전,주방가전,식기세척기,2027-03-18,3489
1,본사창고,4,RTR-ASU-AX6000-2024,아수스 AX6000,IT기기,주변기기,라우터,2030-12-26,3827
1,본사창고,5,DES-HP-STD-2024,HP 데스크탑,IT기기,컴퓨터,데스크탑,2028-01-06,1511
1,본사창고,5,PHN-XIA-RED-128-2024,샤오미 Redmi 128GB,IT기기,모바일,스마트폰,2031-08-28,10037
1,본사창고,7,OV-LG-70L-2024,LG 빌트인 오븐 70L,주방가전,주방가전,오븐,2028-12-15,3002
1,본사창고,10,MON-DEL-24FHD-2023,델 24인치 FHD,IT기기,컴퓨터,모니터,2028-05-19,3529
1,본사창고,4,VAC-SAM-JET-2024,삼성 제트,가전제품,생활가전,청소기,2028-06-16,5454
1,본사창고,8,DES-LEN-THINK-2024,레노보 씽크센터,IT기기,컴퓨터,데스크탑,2031-04-24,8202
1,본사창고,3,OV-SAM-72L-2024,삼성 빌트인 오븐 72L,주방가전,주방가전,오븐,2027-03-04,3020
1,본사창고,9,MW-SAM-30L-2024,삼성 전자레인지 30L,주방가전,주방가전,전자레인지,2030-03-28,6298
1,본사창고,10,VAC-SAM-JET-2024,삼성 제트,가전제품,생활가전,청소기,2029-10-12,3205
1,본사창고,4,AC-LG-WS-6P-2024,LG 벽걸이 6평,가전제품,계절가전,에어컨,2031-08-28,4691
1,본사창고,2,DW-LG-12P-2024,LG 식기세척기 12인,주방가전,주방가전,식기세척기,2028-03-31,4835
1,본사창고,9,DES-LEN-THINK-2024,레노보 씽크센터,IT기기,컴퓨터,데스크탑,2028-01-06,2523
1,본사창고,8,MIX-BRV-STAND-5L-2024,브레빌 스탠드믹서 5L,주방가전,소형가전,믹서기,2031-04-17,21892
1,본사창고,9,NBK-LEN-IDEA-15-2023,레노보 아이디어패드 15,IT기기,컴퓨터,노트북,2030-06-20,5063
1,본사창고,4,WM-SAM-GRN-24K-2024,삼성 그랑데 24kg,가전제품,생활가전,세탁기,2029-12-28,4285
1,본사창고,5,WAT-APL-AW-41-2024,애플 워치 41mm,IT기기,모바일,스마트워치,2029-12-28,1717
1,본사창고,10,FR-CAR-2D-300L-2023,캐리어 2도어 300L,가전제품,생활가전,냉장고,2028-12-22,1409
1,본사창고,1,FR-LG-OBJ-820L-2024,LG 오브제 4도어 820L,가전제품,생활가전,냉장고,2027-07-15,3996
1,본사창고,3,TOA-BRN-2S-2024,브라운 토스터 2구,주방가전,소형가전,토스터기,2031-04-03,8676
1,본사창고,5,TV-XIA-LED-50-2024,"샤오미 50""",가전제품,영상가전,TV,2029-04-27,1617
1,본사창고,5,DES-HP-STD-2024,HP 데스크탑,IT기기,컴퓨터,데스크탑,2030-05-09,4832
1,본사창고,8,PRN-HP-LASER-2024,HP 레이저프린터,IT기기,주변기기,프린터,2029-02-23,2404
1,본사창고,6,AIR-XIA-52-2024,샤오미 52㎡,가전제품,계절가전,공기청정기,2023-02-28,0
1,본사창고,4,NBK-LG-GRAM-16-2024,LG 그램 16,IT기기,컴퓨터,노트북,2028-06-23,4687
1,본사창고,7,MW-DAE-25L-2023,대우 25L,주방가전,주방가전,전자레인지,2032-01-01,1221
1,본사창고,9,VAC-DYS-V11-2024,다이슨 V11,가전제품,생활가전,청소기,2029-09-07,5822
1,본사창고,1,MON-DEL-24FHD-2023,델 24인치 FHD,IT기기,컴퓨터,모니터,2027-02-25,2182
1,본사창고,7,NBK-LG-GRAM-16-2024,LG 그램 16,IT기기,컴퓨터,노트북,2029-03-02,2479
1,본사창고,8,AC-LG-STAND-18P-2024,LG 휘센 스탠드 18평,가전제품,계절가전,에어컨,2027-10-14,4779
1,본사창고,4,RTR-ASU-AX6000-2024,아수스 AX6000,IT기기,주변기기,라우터,2027-09-23,3374
1,본사창고,7,AIR-LG-PURI-58-2024,LG 퓨리케어 58㎡,가전제품,계절가전,공기청정기,2031-07-03,14635
1,본사창고,4,AC-LG-WS-6P-2024,LG 벽걸이 6평,가전제품,계절가전,에어컨,2031-03-27,2572
1,본사창고,7,TV-LG-LED-55-2023,"LG LED 55""",가전제품,영상가전,TV,2030-02-15,1292
1,본사창고,4,AC-LG-STAND-18P-2024,LG 휘센 스탠드 18평,가전제품,계절가전,에어컨,2027-07-15,7634
1,본사창고,10,AC-LG-WS-6P-2024,LG 벽걸이 6평,가전제품,계절가전,에어컨,2029-01-05,853
1,본사창고,8,DW-SAM-12P-2024,삼성 식기세척기 12인,주방가전,주방가전,식기세척기,2031-07-24,14317
1,본사창고,8,TOA-PHI-2S-2024,필립스 토스터 2구,주방가전,소형가전,토스터기,2031-06-26,12116
1,본사창고,1,VAC-XIA-ROBO-2024,샤오미 로봇청소기,가전제품,생활가전,청소기,2027-11-11,2769
1,본사창고,3,TV-XIA-LED-50-2024,"샤오미 50""",가전제품,영상가전,TV,2030-09-05,3010
1,본사창고,7,VAC-XIA-ROBO-2024,샤오미 로봇청소기,가전제품,생활가전,청소기,2029-05-18,3370
1,본사창고,7,TV-XIA-LED-50-2024,"샤오미 50""",가전제품,영상가전,TV,2031-10-09,2004
1,본사창고,1,AIR-LG-PURI-58-2024,LG 퓨리케어 58㎡,가전제품,계절가전,공기청정기,2031-05-08,17736
1,본사창고,8,MW-SAM-30L-2024,삼성 전자레인지 30L,주방가전,주방가전,전자레인지,2031-06-12,22589
1,본사창고,1,AC-LG-STAND-18P-2024,LG 휘센 스탠드 18평,가전제품,계절가전,에어컨,2028-01-27,3879
1,본사창고,1,NBK-LG-GRAM-16-2024,LG 그램 16,IT기기,컴퓨터,노트북,2028-05-19,3207
1,본사창고,6,COF-BRV-SEMI-2024,브레빌 반자동,주방가전,소형가전,커피머신,2028-12-08,3071
1,본사창고,2,DRY-WIN-17K-2023,위니아 17kg,가전제품,생활가전,건조기,2031-07-17,8048
1,본사창고,9,WM-LG-TOP-21K-2024,LG 통돌이 21kg,가전제품,생활가전,세탁기,2028-06-02,7671
1,본사창고,10,DRY-WIN-17K-2023,위니아 17kg,가전제품,생활가전,건조기,2027-04-15,1712
1,본사창고,10,RTR-ASU-AX6000-2024,아수스 AX6000,IT기기,주변기기,라우터,2031-09-18,11909
1,본사창고,6,OV-LG-70L-2024,LG 빌트인 오븐 70L,주방가전,주방가전,오븐,2029-04-27,4803
1,본사창고,2,WM-LG-TOP-21K-2024,LG 통돌이 21kg,가전제품,생활가전,세탁기,2030-03-21,7258
1,본사창고,5,DRY-WIN-17K-2023,위니아 17kg,가전제품,생활가전,건조기,2031-02-06,2941
1,본사창고,5,TV-XIA-LED-50-2024,"샤오미 50""",가전제품,영상가전,TV,2030-08-15,2737
1,본사창고,4,MON-SAM-32UHD-2024,삼성 32인치 4K,IT기기,컴퓨터,모니터,2028-05-05,3284
1,본사창고,7,WM-SAM-GRN-24K-2024,삼성 그랑데 24kg,가전제품,생활가전,세탁기,2030-04-11,5232
1,본사창고,5,MIX-BRV-STAND-5L-2024,브레빌 스탠드믹서 5L,주방가전,소형가전,믹서기,2031-05-29,14570
1,본사창고,2,TV-LG-OLED-65-2024,"LG OLED 65""",가전제품,영상가전,TV,2029-01-12,5377
1,본사창고,5,OV-SAM-72L-2024,삼성 빌트인 오븐 72L,주방가전,주방가전,오븐,2030-04-25,3279
1,본사창고,10,MW-SAM-30L-2024,삼성 전자레인지 30L,주방가전,주방가전,전자레인지,2030-07-18,15133
1,본사창고,1,MON-SAM-32UHD-2024,삼성 32인치 4K,IT기기,컴퓨터,모니터,2031-09-04,7487
1,본사창고,2,VAC-SAM-JET-2024,삼성 제트,가전제품,생활가전,청소기,2027-07-22,3682
1,본사창고,2,OV-LG-70L-2024,LG 빌트인 오븐 70L,주방가전,주방가전,오븐,2027-08-12,6051
1,본사창고,1,PRN-CAN-INK-2024,캐논 잉크젯,IT기기,주변기기,프린터,2030-04-25,4677
1,본사창고,2,MW-CK-23L-2024,쿠쿠 23L,주방가전,주방가전,전자레인지,2030-08-22,4982
1,본사창고,6,PHN-APL-IP15-128-2024,아이폰 15 128GB,IT기기,모바일,스마트폰,2032-01-01,3789
1,본사창고,5,DRY-SAM-GRN-20K-2024,삼성 그랑데 건조기 20kg,가전제품,생활가전,건조기,2029-04-20,4868
1,본사창고,2,MON-SAM-32UHD-2024,삼성 32인치 4K,IT기기,컴퓨터,모니터,2031-01-30,5539
1,본사창고,9,MW-DAE-25L-2023,대우 25L,주방가전,주방가전,전자레인지,2029-10-19,1018
1,본사창고,8,AIR-LG-PURI-58-2024,LG 퓨리케어 58㎡,가전제품,계절가전,공기청정기,2031-02-06,12222
1,본사창고,3,COF-BRV-SEMI-2024,브레빌 반자동,주방가전,소형가전,커피머신,2030-12-19,4482
1,본사창고,6,COF-DEL-AUTO-2024,드롱기 전자동,주방가전,소형가전,커피머신,2027-06-24,1454
1,본사창고,5,AIR-XIA-52-2024,샤오미 52㎡,가전제품,계절가전,공기청정기,2030-03-14,2505
1,본사창고,10,VAC-XIA-ROBO-2024,샤오미 로봇청소기,가전제품,생활가전,청소기,2031-10-16,10753
1,본사창고,10,MIX-BRV-STAND-5L-2024,브레빌 스탠드믹서 5L,주방가전,소형가전,믹서기,2030-12-05,11046
1,본사창고,3,DES-HP-STD-2024,HP 데스크탑,IT기기,컴퓨터,데스크탑,2030-04-04,6354
1,본사창고,3,PRN-BRO-LASER-2024,브라더 레이저,IT기기,주변기기,프린터,2030-12-26,3728
1,본사창고,2,TV-LG-LED-55-2023,"LG LED 55""",가전제품,영상가전,TV,2027-08-05,1960
1,본사창고,5,FR-CAR-2D-300L-2023,캐리어 2도어 300L,가전제품,생활가전,냉장고,2028-12-22,888
1,본사창고,8,PRN-BRO-LASER-2024,브라더 레이저,IT기기,주변기기,프린터,2031-11-13,18400
1,본사창고,4,TV-SAM-QLED-65-2024,"삼성 QLED 65""",가전제품,영상가전,TV,2027-04-15,3108
1,본사창고,9,WM-MIE-DRUM-9K-2023,미iele 드럼 9kg,가전제품,생활가전,세탁기,2031-02-06,3038
1,본사창고,5,DW-SAM-12P-2024,삼성 식기세척기 12인,주방가전,주방가전,식기세척기,2028-04-07,3653
1,본사창고,10,FR-SAM-4D-820L-2024,삼성 비스포크 4도어 820L,가전제품,생활가전,냉장고,2028-07-28,7177
1,본사창고,2,MW-LG-25L-2024,LG 전자레인지 25L,주방가전,주방가전,전자레인지,2031-12-04,16119
1,본사창고,3,DRY-SAM-GRN-20K-2024,삼성 그랑데 건조기 20kg,가전제품,생활가전,건조기,2028-07-21,7020
1,본사창고,10,PHN-XIA-RED-128-2024,샤오미 Redmi 128GB,IT기기,모바일,스마트폰,2031-02-20,6190
1,본사창고,4,PHN-APL-IP15-128-2024,아이폰 15 128GB,IT기기,모바일,스마트폰,2030-10-10,5009
1,본사창고,4,WAT-APL-AW-41-2024,애플 워치 41mm,IT기기,모바일,스마트워치,2031-07-24,11264
1,본사창고,3,AC-CAR-16P-2024,캐리어 16평,가전제품,계절가전,에어컨,2027-01-14,1952
1,본사창고,1,MON-LG-27QHD-2024,LG 27인치 QHD,IT기기,컴퓨터,모니터,2028-06-16,3753
1,본사창고,5,AIR-XIA-52-2024,샤오미 52㎡,가전제품,계절가전,공기청정기,2029-08-10,2145
1,본사창고,1,AC-LG-STAND-18P-2024,LG 휘센 스탠드 18평,가전제품,계절가전,에어컨,2028-10-27,4501
1,본사창고,4,DW-SAM-12P-2024,삼성 식기세척기 12인,주방가전,주방가전,식기세척기,2029-11-02,4537
1,본사창고,4,DRY-SAM-GRN-20K-2024,삼성 그랑데 건조기 20kg,가전제품,생활가전,건조기,2030-08-22,8260
1,본사창고,2,PHN-APL-IP15-128-2024,아이폰 15 128GB,IT기기,모바일,스마트폰,2028-08-25,6149
1,본사창고,1,DW-LG-12P-2024,LG 식기세척기 12인,주방가전,주방가전,식기세척기,2031-08-07,12239
1,본사창고,5,FR-LG-OBJ-820L-2024,LG 오브제 4도어 820L,가전제품,생활가전,냉장고,2028-11-10,4564
1,본사창고,1,TV-XIA-LED-50-2024,"샤오미 50""",가전제품,영상가전,TV,2027-05-06,2441
1,본사창고,1,DW-LG-12P-2024,LG 식기세척기 12인,주방가전,주방가전,식기세척기,2029-07-13,5025
1,본사창고,7,TV-LG-OLED-65-2024,"LG OLED 65""",가전제품,영상가전,TV,2028-09-15,4481
1,본사창고,3,FR-WIN-3D-650L-2023,위니아 3도어 650L,가전제품,생활가전,냉장고,2031-10-23,5218
1,본사창고,2,MON-DEL-24FHD-2023,델 24인치 FHD,IT기기,컴퓨터,모니터,2031-08-28,12871
1,본사창고,4,NBK-LEN-IDEA-15-2023,레노보 아이디어패드 15,IT기기,컴퓨터,노트북,2028-01-20,1782
1,본사창고,9,TV-SAM-QLED-65-2024,"삼성 QLED 65""",가전제품,영상가전,TV,2027-08-19,5606
1,본사창고,1,MW-CK-23L-2024,쿠쿠 23L,주방가전,주방가전,전자레인지,2031-03-27,2722
1,본사창고,3,DW-SAM-12P-2024,삼성 식기세척기 12인,주방가전,주방가전,식기세척기,2031-09-18,12087
1,본사창고,8,WAT-APL-AW-41-2024,애플 워치 41mm,IT기기,모바일,스마트워치,2028-06-16,5663
1,본사창고,8,COF-BRV-SEMI-2024,브레빌 반자동,주방가전,소형가전,커피머신,2028-10-27,3765
1,본사창고,10,DES-LEN-THINK-2024,레노보 씽크센터,IT기기,컴퓨터,데스크탑,2028-11-24,5287
1,본사창고,4,VAC-DYS-V11-2024,다이슨 V11,가전제품,생활가전,청소기,2031-06-05,8160
1,본사창고,4,COF-DEL-AUTO-2024,드롱기 전자동,주방가전,소형가전,커피머신,2030-01-11,2835
1,본사창고,9,OV-SAM-72L-2024,삼성 빌트인 오븐 72L,주방가전,주방가전,오븐,2030-03-28,3479
1,본사창고,8,MON-LG-27QHD-2024,LG 27인치 QHD,IT기기,컴퓨터,모니터,2027-02-25,2909
1,본사창고,9,COF-NES-CAPS-2024,네스프레소 캡슐,주방가전,소형가전,커피머신,2028-11-10,2999
1,본사창고,2,FR-LG-OBJ-820L-2024,LG 오브제 4도어 820L,가전제품,생활가전,냉장고,2028-02-17,4957
1,본사창고,3,DRY-LG-TROM-19K-2024,LG 트롬 건조기 19kg,가전제품,생활가전,건조기,2027-10-21,4170
1,본사창고,4,MW-DAE-25L-2023,대우 25L,주방가전,주방가전,전자레인지,2027-08-19,1750
1,본사창고,1,TV-LG-LED-55-2023,"LG LED 55""",가전제품,영상가전,TV,2030-03-14,2028
1,본사창고,5,VAC-DYS-V11-2024,다이슨 V11,가전제품,생활가전,청소기,2027-06-10,3102
1,본사창고,9,AIR-LG-PURI-58-2024,LG 퓨리케어 58㎡,가전제품,계절가전,공기청정기,2030-06-27,9480
1,본사창고,5,COF-NES-CAPS-2024,네스프레소 캡슐,주방가전,소형가전,커피머신,2028-08-25,4139
1,본사창고,5,RTR-NET-AX5400-2024,넷기어 AX5400,IT기기,주변기기,라우터,2031-06-05,7965
1,본사창고,7,OV-SAM-72L-2024,삼성 빌트인 오븐 72L,주방가전,주방가전,오븐,2029-03-30,3032
1,본사창고,4,AIR-WNX-56-2024,위닉스 56㎡,가전제품,계절가전,공기청정기,2030-02-01,3483
1,본사창고,6,VAC-XIA-ROBO-2024,샤오미 로봇청소기,가전제품,생활가전,청소기,2030-02-22,2463
1,본사창고,1,VAC-XIA-ROBO-2024,샤오미 로봇청소기,가전제품,생활가전,청소기,2028-06-16,3731
1,본사창고,7,NBK-SAM-GALAXY-15-2024,삼성 갤럭시북 15,IT기기,컴퓨터,노트북,2031-03-13,6809
1,본사창고,8,VAC-DYS-V11-2024,다이슨 V11,가전제품,생활가전,청소기,2031-09-18,10600
1,본사창고,2,NBK-SAM-GALAXY-15-2024,삼성 갤럭시북 15,IT기기,컴퓨터,노트북,2027-11-04,3976
1,본사창고,7,MIX-CUI-HAND-2024,쿠진아트 핸드블렌더,주방가전,소형가전,믹서기,2027-10-28,0
1,본사창고,4,MW-CK-23L-2024,쿠쿠 23L,주방가전,주방가전,전자레인지,2030-01-18,1911
1,본사창고,9,VAC-SAM-JET-2024,삼성 제트,가전제품,생활가전,청소기,2028-07-07,5744
1,본사창고,5,COF-BRV-SEMI-2024,브레빌 반자동,주방가전,소형가전,커피머신,2030-08-15,4870
1,본사창고,5,AIR-SAM-60-2024,삼성 블루스카이 60㎡,가전제품,계절가전,공기청정기,2027-11-04,894
1,본사창고,6,MON-LG-27QHD-2024,LG 27인치 QHD,IT기기,컴퓨터,모니터,2030-06-27,4882
1,본사창고,6,NBK-SAM-GALAXY-15-2024,삼성 갤럭시북 15,IT기기,컴퓨터,노트북,2027-08-05,3571
1,본사창고,10,OV-SAM-72L-2024,삼성 빌트인 오븐 72L,주방가전,주방가전,오븐,2027-05-13,4984
1,본사창고,5,RTR-NET-AX5400-2024,넷기어 AX5400,IT기기,주변기기,라우터,2027-07-01,3292
1,본사창고,2,DRY-WHP-10K-2023,위프로 10kg,가전제품,생활가전,건조기,2031-07-10,6518
1,본사창고,6,TOA-BRN-2S-2024,브라운 토스터 2구,주방가전,소형가전,토스터기,2027-04-08,2964
1,본사창고,8,NBK-SAM-GALAXY-15-2024,삼성 갤럭시북 15,IT기기,컴퓨터,노트북,2029-05-04,5657
1,본사창고,8,COF-DEL-AUTO-2024,드롱기 전자동,주방가전,소형가전,커피머신,2029-11-23,5738
1,본사창고,8,DES-SAM-STD-2024,삼성 데스크탑,IT기기,컴퓨터,데스크탑,2027-05-06,5503
1,본사창고,3,DES-LEN-THINK-2024,레노보 씽크센터,IT기기,컴퓨터,데스크탑,2027-08-05,4272
1,본사창고,9,VAC-DYS-V11-2024,다이슨 V11,가전제품,생활가전,청소기,2027-12-16,3236
1,본사창고,9,VAC-DYS-V11-2024,다이슨 V11,가전제품,생활가전,청소기,2027-04-08,3672
1,본사창고,2,MON-LG-27QHD-2024,LG 27인치 QHD,IT기기,컴퓨터,모니터,2031-02-06,6248
1,본사창고,7,DES-SAM-STD-2024,삼성 데스크탑,IT기기,컴퓨터,데스크탑,2027-12-09,1897
1,본사창고,2,AIR-XIA-52-2024,샤오미 52㎡,가전제품,계절가전,공기청정기,2027-11-18,3306
1,본사창고,4,AC-SAM-WF-18P-2024,삼성 무풍 18평,가전제품,계절가전,에어컨,2029-08-10,6064
1,본사창고,1,NBK-LEN-IDEA-15-2023,레노보 아이디어패드 15,IT기기,컴퓨터,노트북,2030-03-14,4078
1,본사창고,6,DES-HP-STD-2024,HP 데스크탑,IT기기,컴퓨터,데스크탑,2031-04-03,6379
1,본사창고,2,MIX-CUI-HAND-2024,쿠진아트 핸드블렌더,주방가전,소형가전,믹서기,2028-04-28,0
1,본사창고,9,DW-SAM-12P-2024,삼성 식기세척기 12인,주방가전,주방가전,식기세척기,2029-01-19,3266
1,본사창고,7,DW-LG-12P-2024,LG 식기세척기 12인,주방가전,주방가전,식기세척기,2030-02-01,1790
1,본사창고,2,VAC-ROB-I7-2023,아이로봇 i7,가전제품,생활가전,청소기,2030-05-30,6598
1,본사창고,5,TV-XIA-LED-50-2024,"샤오미 50""",가전제품,영상가전,TV,2028-06-30,1675
1,본사창고,10,TV-SAM-QLED-65-2024,"삼성 QLED 65""",가전제품,영상가전,TV,2029-08-24,7906
1,본사창고,10,TV-LG-LED-55-2023,"LG LED 55""",가전제품,영상가전,TV,2030-08-29,5183
1,본사창고,1,MW-LG-25L-2024,LG 전자레인지 25L,주방가전,주방가전,전자레인지,2028-04-21,6063
1,본사창고,2,DES-LEN-THINK-2024,레노보 씽크센터,IT기기,컴퓨터,데스크탑,2030-08-01,8007
1,본사창고,8,DW-SKM-8P-2024,SK매직 8인,주방가전,주방가전,식기세척기,2029-12-21,2584
1,본사창고,9,TV-SAM-QLED-65-2024,"삼성 QLED 65""",가전제품,영상가전,TV,2030-07-11,10344
1,본사창고,2,COF-NES-CAPS-2024,네스프레소 캡슐,주방가전,소형가전,커피머신,2028-11-10,4222
1,본사창고,10,PHN-APL-IP15-128-2024,아이폰 15 128GB,IT기기,모바일,스마트폰,2029-02-16,3108
1,본사창고,6,AC-CAR-16P-2024,캐리어 16평,가전제품,계절가전,에어컨,2027-01-21,1342
1,본사창고,2,WAT-SAM-GAL-45-2024,갤럭시 워치 45mm,IT기기,모바일,스마트워치,2030-04-25,6198
1,본사창고,4,AC-CAR-16P-2024,캐리어 16평,가전제품,계절가전,에어컨,2031-04-10,5380
1,본사창고,4,DW-SAM-12P-2024,삼성 식기세척기 12인,주방가전,주방가전,식기세척기,2030-06-13,5563
1,본사창고,6,MW-SAM-30L-2024,삼성 전자레인지 30L,주방가전,주방가전,전자레인지,2028-06-30,5194
1,본사창고,8,NBK-SAM-GALAXY-15-2024,삼성 갤럭시북 15,IT기기,컴퓨터,노트북,2028-06-02,6351
1,본사창고,8,DRY-WHP-10K-2023,위프로 10kg,가전제품,생활가전,건조기,2030-06-27,3709
1,본사창고,3,VAC-DYS-V11-2024,다이슨 V11,가전제품,생활가전,청소기,2031-08-14,10915
1,본사창고,2,OV-LG-70L-2024,LG 빌트인 오븐 70L,주방가전,주방가전,오븐,2029-01-26,5670
1,본사창고,6,DES-SAM-STD-2024,삼성 데스크탑,IT기기,컴퓨터,데스크탑,2027-05-20,2091
1,본사창고,5,AIR-XIA-52-2024,샤오미 52㎡,가전제품,계절가전,공기청정기,2030-11-28,2559
1,본사창고,8,VAC-ROB-I7-2023,아이로봇 i7,가전제품,생활가전,청소기,2030-04-04,6371
1,본사창고,5,TV-XIA-LED-50-2024,"샤오미 50""",가전제품,영상가전,TV,2030-04-04,3195
1,본사창고,9,WM-MIE-DRUM-9K-2023,미iele 드럼 9kg,가전제품,생활가전,세탁기,2030-04-04,2620
1,본사창고,8,OV-CK-45L-2024,쿠첸 45L,주방가전,주방가전,오븐,2027-04-08,1689
1,본사창고,6,OV-LG-70L-2024,LG 빌트인 오븐 70L,주방가전,주방가전,오븐,2029-03-02,3577
1,본사창고,4,MON-SAM-32UHD-2024,삼성 32인치 4K,IT기기,컴퓨터,모니터,2030-06-20,7217
1,본사창고,10,NBK-SAM-GALAXY-15-2024,삼성 갤럭시북 15,IT기기,컴퓨터,노트북,2031-05-22,8396
1,본사창고,4,AIR-SAM-60-2024,삼성 블루스카이 60㎡,가전제품,계절가전,공기청정기,2032-01-01,3088
1,본사창고,6,FR-SAM-4D-820L-2024,삼성 비스포크 4도어 820L,가전제품,생활가전,냉장고,2030-08-22,8150
1,본사창고,2,PHN-SAM-S24-256-2024,갤럭시 S24 256GB,IT기기,모바일,스마트폰,2029-02-16,3465
1,본사창고,10,DRY-WIN-17K-2023,위니아 17kg,가전제품,생활가전,건조기,2031-06-19,8171
1,본사창고,3,AC-CAR-16P-2024,캐리어 16평,가전제품,계절가전,에어컨,2031-11-13,7085
1,본사창고,9,OV-CK-45L-2024,쿠첸 45L,주방가전,주방가전,오븐,2029-11-30,2877
1,본사창고,2,NBK-LEN-IDEA-15-2023,레노보 아이디어패드 15,IT기기,컴퓨터,노트북,2030-08-01,8664
1,본사창고,6,DRY-LG-TROM-19K-2024,LG 트롬 건조기 19kg,가전제품,생활가전,건조기,2030-05-09,6375
1,본사창고,10,FR-SAM-4D-820L-2024,삼성 비스포크 4도어 820L,가전제품,생활가전,냉장고,2030-12-12,8099
1,본사창고,8,RTR-NET-AX5400-2024,넷기어 AX5400,IT기기,주변기기,라우터,2030-07-18,8741
